"Epitopes - CEDAR ID","Epitopes - Epitope","Epitopes - Antigen","Epitopes - Organism","Epitopes - # References","Epitopes - # Assays"
2603,ALHIYMDGTMSQVQGSA,"Tyrosinase (UniProt:P14679)","Homo sapiens (human)",1,1
10968,DYSYLQDSDPDSFQD,"Tyrosinase (UniProt:P14679)","Homo sapiens (human)",3,5
29672,IYRRRLMKQDFSVPQLPHS,"Melanocyte protein PMEL (UniProt:P40967)","Homo sapiens (human)",1,2
31236,KIFGSLAFLPESFDGDPA,"Receptor tyrosine-protein kinase erbB-2 (UniProt:P04626)","Homo sapiens (human)",1,1
47777,PGVLLKEFTVSGNILTIRLTAADHR,"Cancer/testis antigen 1 (UniProt:P78358)","Homo sapiens (human)",4,6
51698,QNILLSNAPLGPQFP,"Tyrosinase (UniProt:P14679)","Homo sapiens (human)",1,1
54996,RNGYRALMDKSLHVGTQCALTRR,"Melanoma antigen recognized by T-cells 1 (UniProt:Q16655)","Homo sapiens (human)",2,12
59281,SLLMWITQCFLPVF,"Cancer/testis antigen 1 (UniProt:P78358)","Homo sapiens (human)",2,18
72655,WITQCFLPV,"Cancer/testis antigen 1 (UniProt:P78358)","Homo sapiens (human)",1,12
72656,WITQCFLPVFLAQPPSGQRR,"Cancer/testis antigen 1 (UniProt:P78358)","Homo sapiens (human)",3,4
72906,WNRQLYPEWTEAQRLD,"Melanocyte protein PMEL (UniProt:P40967)","Homo sapiens (human)",8,23
79836,GELIGTLNAAKVPAD,"Triosephosphate isomerase (UniProt:P60174)","Homo sapiens (human)",2,4
124564,NRQLYPEWTEAQRLD,"Melanocyte protein PMEL (UniProt:P40967)","Homo sapiens (human)",1,1
125486,"LPNFSSLNLRETNLDSLPL + CITR(R10)","Vimentin (UniProt:P08670)","Homo sapiens (human)",1,2
152960,RVEYHFLSPYVSPK,"Transferrin receptor protein 1 (UniProt:P02786)","Homo sapiens (human)",1,1
157097,"APPAYEKLSAEQ + PHOS(S9)","Melanoma antigen recognized by T-cells 1 (UniProt:Q16655)","Homo sapiens (human)",1,1
157099,"APPAYEKLSAEQSPP + PHOS(S9)","Melanoma antigen recognized by T-cells 1 (UniProt:Q16655)","Homo sapiens (human)",1,1
157101,"APPAYEKLSAEQSPPP + PHOS(S9)","Melanoma antigen recognized by T-cells 1 (UniProt:Q16655)","Homo sapiens (human)",1,1
157103,"APPAYEKLSAEQSPPPY + PHOS(S9)","Melanoma antigen recognized by T-cells 1 (UniProt:Q16655)","Homo sapiens (human)",1,1
157690,"NAPPAYEKLSAE + PHOS(S10)","Melanoma antigen recognized by T-cells 1 (UniProt:Q16655)","Homo sapiens (human)",1,1
158455,"VPNAPPAYEKLSAEQSPPPY + PHOS(S12)","Melanoma antigen recognized by T-cells 1 (UniProt:Q16655)","Homo sapiens (human)",1,1
194235,NRQLYPEWTEAQR,"Melanocyte protein PMEL (UniProt:P40967)","Homo sapiens (human)",2,3
194306,RQLYPEWTEAQR,"Melanocyte protein PMEL (UniProt:P40967)","Homo sapiens (human)",1,2
194308,RTKAWNRQLYPEWTEAQR,"Melanocyte protein PMEL (UniProt:P40967)","Homo sapiens (human)",1,1
194549,WNRQLYPEWTEAQR,"Melanocyte protein PMEL (UniProt:P40967)","Homo sapiens (human)",2,2
236812,DIMRVNVDKVLERDQKL,"Vesicle-associated membrane protein 3 (UniProt:Q15836)","Homo sapiens (human)",1,1
237169,LPSQAFEYILYNKG,"Pro-cathepsin H (UniProt:P09668)","Homo sapiens (human)",1,1
237242,NSVIIVDKNGRLV,"Transferrin receptor protein 1 (UniProt:P02786)","Homo sapiens (human)",1,1
237497,VDKVLERDQKLSELDDR,"Vesicle-associated membrane protein 3 (UniProt:Q15836)","Homo sapiens (human)",1,1
237587,YKAFSSLLASSAVSPE,"Interleukin-4 receptor subunit alpha (UniProt:P24394)","Homo sapiens (human)",1,1
238666,KPGVIFLTKRSRQV,"C-C motif chemokine 3 (UniProt:P10147)","Homo sapiens (human)",1,1
473138,VYGIRLEHF,"Kinetochore protein Nuf2 (UniProt:Q9BZD4)","Homo sapiens (human)",1,3
502956,TLPTKETIEQEKRSEIS,"Thymosin beta-10 (UniProt:P63313)","Homo sapiens (human)",1,1
535322,DIKEKLCYVALDFEQ,"POTE ankyrin domain family member F (UniProt:A5A3E0)","Homo sapiens (human)",1,1
613481,ALLTSRLRFIP,"Telomerase reverse transcriptase (UniProt:O14746)","Homo sapiens (human)",1,6
613483,EARPALLTSRLRFIPK,"Telomerase reverse transcriptase (UniProt:O14746)","Homo sapiens (human)",3,45
613490,LLTSRLRF,"Telomerase reverse transcriptase (UniProt:O14746)","Homo sapiens (human)",1,15
613491,LLTSRLRFI,"Telomerase reverse transcriptase (UniProt:O14746)","Homo sapiens (human)",1,1
613493,RPALLTSRLRFI,"Telomerase reverse transcriptase (UniProt:O14746)","Homo sapiens (human)",1,2
697034,YLAMPFATPMEAELARRSLA,"Cancer/testis antigen 1 (UniProt:P78358)","Homo sapiens (human)",1,1
735825,EYILSLEEL,"Glypican-3 (UniProt:P51654)","Homo sapiens (human)",1,4
735828,FVGEFFTDV,"Glypican-3 (UniProt:P51654)","Homo sapiens (human)",1,6
745107,GIAARVKNWL,,,1,3
745114,KEGIAARVKNW,,,1,3
745135,WEAKPSRIL,,,1,3
763424,NPPSMVAAGSVVAAV,"G1/S-specific cyclin-D1 (UniProt:P24385)","Homo sapiens (human)",1,2
767706,RYCNLEGPPI,"Lymphocyte antigen 6K (UniProt:Q17RY6)","Homo sapiens (human)",1,6
768075,PFATPMEAELAR,"Cancer/testis antigen 1 (UniProt:P78358)","Homo sapiens (human)",1,2
768077,QDAPPLPVPGVLLKEFTVSGNILTIRLTAADHR,"Cancer/testis antigen 1 (UniProt:P78358)","Homo sapiens (human)",1,2
768983,FMKLRTDAVLPLTVA,"Mesothelin (UniProt:Q13421)","Homo sapiens (human)",1,1
772684,GLASFKSFLK,"Regulator of G-protein signaling 5 (UniProt:O15539)","Homo sapiens (human)",1,2
842000,APPAYEKLSAEQSPPPY,"Melanoma antigen recognized by T-cells 1 (UniProt:Q16655)","Homo sapiens (human)",1,1
849494,TGRAMLGTHTMEVTVYH,"Melanocyte protein PMEL (UniProt:P40967)","Homo sapiens (human)",2,8
914223,"VIGMDVAASEFFRSGKYDLD + CITR(R13)","Alpha-enolase (UniProt:P06733)","Homo sapiens (human)",1,2
952783,AGDGRLRLARLALVLLGWVS,"Trophoblast glycoprotein (UniProt:Q13641)","Homo sapiens (human)",1,1
952822,FARRPPLAELAALNLSGSRL,"Trophoblast glycoprotein (UniProt:Q13641)","Homo sapiens (human)",1,1
952888,LLVLYLNRKGIKKWMHNIRD,"Trophoblast glycoprotein (UniProt:Q13641)","Homo sapiens (human)",1,1
956343,EGTKGATMDLEIVNLPNVEISKDLS,,,2,2
956348,EWDPLDIAFETWDIIFRNMNKEDEG,,,1,1
956353,GKAFGLCSIFTEQKKIFSREKCYKC,,,1,1
956365,HYNYMCNSSCMGGMNRRPILTIITL,"Cellular tumor antigen p53 (UniProt:P04637)","Homo sapiens (human)",1,1
956366,HYNYMCNSSCMGSMNRRPILTIITL,,,2,3
956372,ILQYLDSERRQIRIAKSPLAPFTSF,,,2,2
956393,KQHVCGGSILDPYWVLTAAHCFRKH,,,1,1
956397,LGSRELFCSKLRRAAVFPPAHQQRT,,,1,1
956409,MTEYKLVVVGAVGVGKSALTIQLI,,,2,5
956419,NTVFGAERKKRLFIIGPTSRDRSSP,,,2,2
956420,NTVFGAERKKRLSIIGPTSRDRSSP,"Mitogen-activated protein kinase kinase kinase 2 (UniProt:Q9Y2U5)","Homo sapiens (human)",1,1
956421,PAIRVPPVIPLGSRELFCSKLRRAA,,,1,1
956423,PGISSQHFTYQGGVGGSWPVCSGLG,,,1,1
956426,PTPSAPCPATPAVPKGRVFVSPLAK,,,1,1
956451,SFVNDIFERIAGVASRLAHYNKRST,,,1,1
956453,SLAALKKALADGGYDVEKNNSRI,,,1,1
956467,VISAEKAYHEQLTVAEITNACFEPA,,,1,1
956469,VRLAQGLTHLGKATLTLCPYHSDRQ,,,1,1
1065388,TEYKLVVVGAVGVGKSALTIQ,,,1,1
1066300,AGAFLSSPGLLAVFG,,,1,1
1066308,ARGGLVDEKALAQALKEGRIRGAAL,"C-terminal-binding protein 1 (UniProt:Q13363)","Homo sapiens (human)",1,4
1066309,ARGGLVDEKALARALKEGRIRGAAL,,,1,4
1066344,GFPAERLEGVYSNNI,,,1,1
1066349,GLNFVSVKGPELLNM,,,1,1
1066380,KALARALKEGRIR,,,1,11
1066391,LILFFHTLGLQTKEE,,,1,1
1066413,NNTDIRLIGEKLFHG,,,1,1
1069084,ALPLSEPMRRSVSEE,,,1,1
1069435,EMSALLARRRRIVEK,,,1,1
1071258,LKLMAYLAGAKYTGC,,,1,1
1071777,PKPVLHMVSSEQHSG,,,1,1
1072041,QWINYFDKRRDYLKF,,,1,1
1072422,RTDLVKSELLHIECQ,,,1,1
1072561,SEIVPCLSERHKAYL,,,1,1
1073605,VAGCYLKYKNKNSLS,,,1,1
1074341,AFTLLLYCELLQWED,"Dedicator of cytokinesis protein 3 (UniProt:Q8IZD9)","Homo sapiens (human)",1,1
1074342,AFTMLLYCELLQWED,,,1,1
1074386,DFGFALTLAAPGDI,,,1,1
1074387,DFGFARTLAAPGDI,"Cyclin-dependent kinase-like 3 (UniProt:Q8IVW4)","Homo sapiens (human)",1,1
1074402,EFPVLQAAAIYLK,,,1,1
1074403,EFPVRQAAAIYLK,"Importin-8 (UniProt:O15397)","Homo sapiens (human)",1,1
1074429,FKQDLMIEDNLL,"Coiled-coil domain-containing protein 39 (UniProt:Q9UFE4)","Homo sapiens (human)",1,1
1074434,GAIVIELPNVKWS,,,1,1
1074435,GAIVIERPNVKWS,"Vacuolar protein sorting-associated protein 4B (UniProt:O75351)","Homo sapiens (human)",1,1
1074451,GLLRYWRTERLF,,,1,1
1074473,IEELRHLWDLLLELTL,"Spectrin alpha chain, erythrocytic 1 (UniProt:P02549)","Homo sapiens (human)",1,1
1074479,ILFSLQPGLLRDW,"Probable ubiquitin carboxyl-terminal hydrolase MINDY-4 (UniProt:Q4G0A6)","Homo sapiens (human)",1,1
1074480,ILFSLQPGLLRYW,,,1,1
1074488,INFKIERGQLLAV,"Cystic fibrosis transmembrane conductance regulator (UniProt:P13569)","Homo sapiens (human)",1,1
1074518,LELINKLLSPVVPQ,,,1,1
1074528,LNKVTIDAIHRLPL,,,1,1
1074529,LNKVTIDARHRLPL,"MORC family CW-type zinc finger protein 1 (UniProt:Q86VD1)","Homo sapiens (human)",1,1
1074568,NVSFFHYPEYGY,"Teneurin-3 (UniProt:Q9P273)","Homo sapiens (human)",1,1
1074569,NVSFFHYQEYGY,,,1,1
1074598,QDLMLEDNLLKLEV,,,1,1
1074666,TIYSLFYSVADQDAPA,,,1,1
1074667,TIYSLFYSVADRDAPA,"Aquaporin-7 (UniProt:O14520)","Homo sapiens (human)",1,1
1075190,ARASGPGGGAPRGPHGGAAS,"Cancer/testis antigen 1 (UniProt:P78358)","Homo sapiens (human)",1,1
1075240,EAELARRSLAQDAPPLPVPG,"Cancer/testis antigen 1 (UniProt:P78358)","Homo sapiens (human)",1,1
1075536,NILTIRLTAADHRQLQLSIS,"Cancer/testis antigen 1 (UniProt:P78358)","Homo sapiens (human)",1,1
1075572,PRGPHGGAASGLNGCCRCGA,"Cancer/testis antigen 1 (UniProt:P78358)","Homo sapiens (human)",1,1
1075583,QDAPPLPVPGVLLKEFTVSG,"Cancer/testis antigen 1 (UniProt:P78358)","Homo sapiens (human)",1,1
1075620,RGPESRLLEFYLAMPFATPM,"Cancer/testis antigen 1 (UniProt:P78358)","Homo sapiens (human)",2,2
1075661,SCLQQLSLLMWITQCFLPVF,"Cancer/testis antigen 1 (UniProt:P78358)","Homo sapiens (human)",1,1
1076056,ALYDICSKTLKLPTP,"Tubulin beta-8 chain (UniProt:Q3ZCM7)","Homo sapiens (human)",1,1
1076057,ALYDICSRTLKLPTP,,,1,2
1076083,APLSAALKSLKRAAG,,,1,1
1076117,ARCSSEDDDSKESTC,"Paired mesoderm homeobox protein 2A (UniProt:O14813)","Homo sapiens (human)",1,1
1076122,ARKAKYNLHATVRYQ,,,1,1
1077262,DIKEKLCFVALDFEQ,,,1,1
1077572,DQCSCCSPTRTEPMQ,"von Willebrand factor (UniProt:P04275)","Homo sapiens (human)",1,1
1078192,ENFPQKYIDPLAGAA,,,1,1
1078193,ENFPQKYVDPLAGAA,"Ankyrin repeat domain-containing protein 26 (UniProt:Q9UPS8)","Homo sapiens (human)",1,1
1078350,ETVSSFYRLNVLYRP,"Nephrin (UniProt:O60500)","Homo sapiens (human)",1,1
1078408,FLEDRRAAVDTYCRH,"HLA class II histocompatibility antigen, DR beta 5 chain (UniProt:Q30154)","Homo sapiens (human)",1,1
1078581,GARGFFQARHLEMDA,"Protein FAM83H (UniProt:Q6ZRV2)","Homo sapiens (human)",1,1
1078680,GQLAVSKRLALEVTV,"Signal-regulatory protein gamma (UniProt:Q9P1W8)","Homo sapiens (human)",1,1
1078699,GTEEDGGSVGHRTVY,,,1,1
1078891,HHHHHHHHRHPQPAT,"Homeobox protein Hox-A1 (UniProt:P49639)","Homo sapiens (human)",1,1
1078892,HHHHHHHRHPQPATY,"Homeobox protein Hox-A1 (UniProt:P49639)","Homo sapiens (human)",1,1
1079167,IIVMILTYKYLQKPM,"Mast/stem cell growth factor receptor Kit (UniProt:P10721)","Homo sapiens (human)",1,1
1079171,ILLSLGF,,,1,1
1079403,IREQEEMIREQEAQR,,,1,2
1079404,IREQEEMLREQEAQR,"Isoform 1 of Golgin subfamily A member 6-like protein 2 (UniProt:Q8N9W4-1)","Homo sapiens (human)",1,1
1079406,IREQEEMTQEQEEKM,,,1,1
1079612,LAFLAESCATLSQEQ,"FAST kinase domain-containing protein 4 (UniProt:Q969Z0)","Homo sapiens (human)",1,1
1079704,LDIKNFGTKVVGLSC,,,1,1
1079714,LENLQIIRGNMYYEN,"Epidermal growth factor receptor (UniProt:P00533)","Homo sapiens (human)",1,1
1079772,LLTPDEPDKSQGQDL,"Neuroblastoma breakpoint family member 1 (UniProt:Q3BBV0)","Homo sapiens (human)",1,1
1079773,LLTPDEPEKSQGQDL,,,1,1
1080408,LTELKDNLCEQLRVK,,,1,1
1080415,LVVGRFVSLRTEIKP,,,1,1
1080527,MKDCQLRKQQNENVS,"Schlafen family member 12-like (UniProt:Q6IEE8)","Homo sapiens (human)",1,1
1080702,MSQSRHRL,,,1,1
1080904,NEALHFICDPDKREV,"Putative gap junction epsilon-1 protein (UniProt:A6NN92)","Homo sapiens (human)",1,1
1080982,NLKEKCFLTQLAGFL,"NBPF member 26 (UniProt:A0A087WY62)","Homo sapiens (human)",1,1
1081074,NRPTSGPRQRHTRRS,,,1,1
1081111,NTLIDPA,,,1,1
1081180,PGEGHGGEHLDSEGE,"Golgin subfamily A member 8M (UniProt:H3BSY2)","Homo sapiens (human)",1,1
1081190,PHHHHHHHHRHPQPA,"Homeobox protein Hox-A1 (UniProt:P49639)","Homo sapiens (human)",1,1
1081191,PHHHHHHHRHPQPAT,,,1,1
1081201,PKMLVNFLAKNKSIS,"Olfactory receptor 5T3 (UniProt:Q8NGG3)","Homo sapiens (human)",1,1
1081262,PPTWSGRHAPGDRDN,,,1,1
1081276,PSDLRRHMRTHTGEK,,,1,1
1081277,PSDLRRHVRTHTGEK,"Zinc finger protein 764 (UniProt:Q96H86)","Homo sapiens (human)",1,1
1081286,PTGDLFSILDFPFLY,,,1,1
1081287,PTGDLFSVLDFPFLY,"UDP-N-acetylglucosamine transporter TMEM241 (UniProt:Q24JQ0)","Homo sapiens (human)",1,1
1081358,QFLIPTSFSVSSNSV,,,1,1
1081406,QRAAAIACQKAEIAA,,,1,1
1081407,QRAAAIARQKAEIAA,"Junctophilin-2 (UniProt:Q9BR39)","Homo sapiens (human)",1,1
1081423,QVLLEGEHCWLGAKV,,,1,1
1081460,RDPKSTPPPTYYGSL,,,1,1
1081467,REEEEVREEEEERKE,"WD repeat-containing protein 87 (UniProt:Q6ZQQ6)","Homo sapiens (human)",1,1
1081468,REEEEVRKEEEERKE,,,1,1
1081471,REQEEKMRRQEEKIR,,,1,1
1081472,REQEEKMWRQEEKIR,"Golgin subfamily A member 6-like protein 25 (UniProt:P0DX01)","Homo sapiens (human)",1,1
1081520,RVLFVVFIYVVTVCG,,,1,1
1081521,RVLFVVFLLIYVVTV,"Olfactory receptor 4C3 (UniProt:Q8NH37)","Homo sapiens (human)",1,1
1081524,RWEEWNKRLEEVKRE,"Adenylate kinase 7 (UniProt:Q96M32)","Homo sapiens (human)",1,1
1081980,SSASGGFMDSSEGSA,,,1,1
1082348,TLRVDRKHKVSGDSS,,,1,1
1082349,TLRVDRKRKVSGDSS,"BCL-6 corepressor (UniProt:Q6W2J9)","Homo sapiens (human)",1,1
1082441,TPSLASGLWRTLQVG,"C-type lectin domain family 18 member C (UniProt:Q8NCF0)","Homo sapiens (human)",1,1
1082742,VILFRLLGVILFGRL,"Uncharacterized protein C9orf57 (UniProt:Q5W0N0)","Homo sapiens (human)",1,1
1082743,VILFRLLVVILFGRL,,,1,1
1082748,VKRNPPKTAKVSEPG,"Homeobox protein Hox-B1 (UniProt:P14653)","Homo sapiens (human)",1,1
1083154,WPSFSEARGTSGSDE,,,1,1
1083191,YAPCGDLNGMLQERG,,,1,1
1083252,YILGVVTDMVGKFAI,,,1,1
1087275,EFEFAQFPNWYISTS,,,1,2
1087276,EFESAQFPNWYISTS,"Interleukin-1 beta (UniProt:P01584)","Homo sapiens (human)",1,2
1087283,RMQAASFGTFEQWVV,,,1,4
1087286,SGHLLLQKLLRAKNV,,,1,2
1087582,KLVVVGAGDVGKSALTI,,,1,6
1112353,NYTLRVDCTPLMYSL,"Glutamate carboxypeptidase 2 (UniProt:Q04609)","Homo sapiens (human)",2,3
1119556,TLGEFLKLDRERAKN,"Baculoviral IAP repeat-containing protein 5 (UniProt:O15392)","Homo sapiens (human)",1,2
1276282,SEYFVKIQSFLGGAP,"Mesothelin (UniProt:Q13421)","Homo sapiens (human)",1,1
1281068,SQDDIKGIQKLYGKRS,"Matrilysin (UniProt:P09237)","Homo sapiens (human)",1,1
1292539,VDLIVEYEAFPKPE,"Mast/stem cell growth factor receptor Kit (UniProt:P10721)","Homo sapiens (human)",1,1
1309989,TSFLSINSKEETEHLENGNKYPNLE,,,1,5
1310158,MRALLIHEKKTSFAMAGSVGAAAPV,,,2,2
1319898,KPLFRRMSSLELVIAGIVEN,"Isoform 2 of B-lymphocyte antigen CD20 (UniProt:P11836-2)","Homo sapiens (human)",1,1
1320430,LFRRMSSLELVIA,"Isoform 2 of B-lymphocyte antigen CD20 (UniProt:P11836-2)","Homo sapiens (human)",1,3
1322959,PLFRRMSSLELVIA,"Isoform 2 of B-lymphocyte antigen CD20 (UniProt:P11836-2)","Homo sapiens (human)",1,1
1334570,GNWQYFFPVIFSKAS,"Melanoma-associated antigen 3 (UniProt:P43357)","Homo sapiens (human)",2,2
1334582,KALSYLVSFQRHMRM,,,1,1
1334596,LLKYRAREPVTKAE,"Melanoma-associated antigen 3 (UniProt:P43357)","Homo sapiens (human)",3,5
1334610,MLGTHTMEVTVYH,"Melanocyte protein PMEL (UniProt:P40967)","Homo sapiens (human)",1,2
1334617,QCTEVRADTRPWSGP,"L-dopachrome tautomerase (UniProt:P40126)","Homo sapiens (human)",1,2
1334619,RDHYAYSYYLKPVNM,,,1,1
1334630,SLDDYNHLVTLCNGT,"L-dopachrome tautomerase (UniProt:P40126)","Homo sapiens (human)",1,1
1334646,TTEWVETTARELPIPEPE,"Melanocyte protein PMEL (UniProt:P40967)","Homo sapiens (human)",1,2
1334648,VFGIELMEVDPIGHL,"Melanoma-associated antigen 3 (UniProt:P43357)","Homo sapiens (human)",2,3
1334942,KPPPGDLPLKPTELAPKPQ,,,1,1
1335146,RKITFLHRCLISC,,,1,1
1335147,RKITFPHRCLISC,"U3 small nucleolar RNA-associated protein 4 homolog (UniProt:Q969X6)","Homo sapiens (human)",1,1
1344717,RMRRMRRTRRKMRRKMSPARPRTSCREACLQGWTEA,,,1,5
1347746,ELIGILNAAKVPAD,,,1,4
1350619,CPLERFAELVGPVIP,"Prostatic acid phosphatase (UniProt:P15309)","Homo sapiens (human)",1,1
1355458,GVGSPYVSRLLGICL,"Receptor tyrosine-protein kinase erbB-2 (UniProt:P04626)","Homo sapiens (human)",5,17
1361230,LGKLSGLHGQDLFGI,"Prostatic acid phosphatase (UniProt:P15309)","Homo sapiens (human)",1,1
1378070,CEGQKGKLSAGRILPCFLVGEGAYRWA,,,1,1
1391831,EGAVFLSFKLVQGDVFQEEAVTEALRA,,,1,1
1391908,QLNRLTRSLRRARSVELPEDNETAVYT,,,1,1
1391912,RQGIVPGNRLKILLVVPTRVGQGYVYE,,,1,1
1391937,TILCFSGVALFCGFGHVALAGTVAILE,,,1,1
1392616,ANRSHAKLETALRDSS,,,1,1
1392756,ENLANRSHAKLETAL,,,1,1
1392840,GEIPLHRSDRVKVLS,,,1,1
1392841,GEIPLHRSDRVKVLSI,,,1,1
1392860,GLSQNLLLRSPGFRQL,"Cytochrome c oxidase assembly protein COX18, mitochondrial (UniProt:Q8N8Q8)","Homo sapiens (human)",1,1
1392866,GPPAHVENAIARGIH,,,1,1
1392885,HAKLETALRDSSRVL,,,1,1
1392900,HNLDLAEKDFMVNTV,,,1,2
1392915,HVENAIARGIHYQYGD,,,1,1
1393078,LAEKDFMVNTVAGAMK,,,1,2
1393232,NRSHAKLETALRDSS,,,1,1
1393259,PQVDGEIPLHRSDRV,,,1,1
1393472,SSFMGLSQNLLLRSP,,,1,1
1394946,FEVRVCACPGRDWRTEEENLRKKGE,,,1,2
1396559,SVPEGVLEDIKAHTCFVSDLKRGLK,,,1,1
1396978,WWLETLAQPELFLSTLPHLCTNLGP,,,1,1
1399332,DRNTFRHSVVVPCEPPEVGSDCTTI,,,3,5
1399646,EKKRKPAWTDRIVWRLKRQPCAGPD,,,1,2
1400239,GLSLAALKKALADGGYDVEKNNSRI,,,1,2
1400618,HNVAMMLAQLVSGGS,,,1,2
1400619,HNVAMMLAQLVSGGSPMVRKELVVA,,,1,1
1400735,HYNYMCNSSCMGSMN,,,2,2
1400888,KIDREGKPRKVIGCSCVVVKDYGKE,,,1,1
1401367,LADGGYDVEKNNSRI,,,1,1
1402535,NERGVSSCDRLTDPH,,,1,2
1402583,NPLDHQITNERGVSSCDRLTDPHRA,,,1,1
1402611,NTFRHSVVVPCEPPE,,,2,3
1403131,RIVWRLKRQPCAGPD,,,1,1
1403406,RMQYSMECFQFMKKL,,,1,1
1404440,SLAALKKALADGGYD,,,1,1
1445707,GWVKPIIIGHHAYGDQYRAT,,,1,2
1539419,AETMFTDLDSFVAFPPPLPPPPPPYHPPA,,,1,2
1539696,CGPSSRLMGWKPSESRGQSQSFQASGLQP,,,1,2
1539827,DEQVDRSPTGSGVTTRIALQYHKGLLELN,,,1,2
1540133,EPTMRLHRLRARLSVVACGLLLLLVRGQG,,,1,2
1540595,GSVNLKGAVKCRVYIHSSKPKVKDA,,,1,1
1540697,HMVRQHSRRQDLIPQLEAPSSLTPS,,,1,2
1541027,KKIRDQDRNTRRMRHLANTAPAW,,,1,1
1541281,LGHGNRSPCDRPHVIESLRGIEVVD,,,1,2
1541469,LRFVGRSGRGKSITLTITVFTNPPQ,,,1,1
1541576,MAEAVERPDELVREYLLFRGFT,,,1,2
1541959,PKEVARLWGERKRKLGMNYEKLSRGLRYY,,,1,2
1542497,SITRPNAGFMRQLSGYEGILDASKQRHNK,,,1,2
1542582,SSIPPCALVSQPMVQFILQGSLPLV,,,1,2
1543572,YYNRVHILGEPRPHFFGQMFVRLQLLRAV,,,1,2
1544263,ALYLSDNDFEILTPDIGKLTKLQIL,,,1,1
1544279,AMKKVVQQLRLETGLNRVKVSQAAA,,,1,1
1544317,APAGRKVGLIAAHRTGRLRGTKTVQ,,,1,1
1545124,DIGALNGIFVLGWSMGFIGHYLDQK,,,1,1
1545221,DMHYELSGDSDLELLGDCRNPRLDL,,,1,1
1545296,DRNTFRHSVVVPCEPPEVWFATGVS,,,1,1
1545440,DVVSFEQPEFSVIRGDQVARIPVIR,,,2,3
1545453,DYDSSSVRKRFFWEALLQISIPFLL,,,1,1
1545466,DYVAQQEQELDIRKNERLWLLDDSK,,,1,1
1545521,EAQQPTFDALRDKLRGAQEVGERLQ,,,2,3
1545700,EEYLSKQDLLFLHMLKFLCLCVTTA,,,1,1
1545945,EMNTEEAANTMVKYYTSVTPVLRGQ,,,1,1
1545956,ENEVKSTQEEIWILRNQGPQESVVR,,,1,1
1546168,ETHFISLLNAIDTLFSCVSSAQPPR,,,1,1
1546180,ETNAGIKCLDSMRCFPEGEAACASV,,,1,1
1546282,FAEFQYLQPGPPWRLQTVVVYLPDV,,,1,1
1546491,FLRQLQEEDRGIYRVAIYSPDGVRV,,,1,1
1546519,FNLRALKYLVMDKADRILNMDFETE,,,1,1
1546746,GAFCYDVVLDSKVDEWMPTKENLRS,,,1,1
1546867,GEKEKISGTVNICTRDNKVHGERTI,,,1,1
1547174,GKTINLLKLCCPQHYLCWSDVPVPR,,,1,1
1547192,GLCSVGQCPANQMYQECGSACVKTC,,,1,1
1547320,GNEKKIEMVRAYWEKIEKELEAVCQ,,,1,1
1547322,GNISILQENDFGVFGMDDREIMREG,,,1,1
1547384,GQANSSHQVANFTIPAYDQGLLLPA,,,1,1
1547673,HAGKCLSLSVWNRQVLGRKTGTASV,,,1,1
1547838,HQNLIATYSEDGVLKLWKP,,,1,1
1547901,HVDGPTEIYKLTGKEAQE,,,1,1
1547974,IALKGIAQRTFSQALTNKKSSLKGN,,,1,2
1548188,IKLQIEFADSLGSPFLETSAKNATN,,,1,1
1548674,KEKFTPKKIIAITNYVCRNGFLEVY,,,1,1
1548781,KILLEKMELEVAGRKLSFHNLQEEM,,,1,1
1548838,KLAAFARQLGSRCFALVERRLAQEQ,,,1,1
1549073,KVETEAKIKQKLWEIEENQKRIEKL,,,1,1
1549412,LFIGANESVSLKRTEPKDLLIFRAC,,,1,1
1549414,LFLFRGNETLHYKTFGKAAPAPQEA,,,1,1
1549540,LGTVECNPLFPETTPKSAESIGESR,,,1,1
1549642,LKKRKPRVKKENRVPRLKEEHGIEL,,,1,1
1549900,LPNSKWANITWKYNFGPGTDFVVEY,,,1,1
1549903,LPPGPPTGATANWLRSAAEPVASTP,,,1,1
1549936,LQGNRINEFSISNFCTVVDVVNFSK,,,1,1
1549947,LQLFFDLYHSIPSSFSPLVLSCLVQ,,,2,3
1550350,MAEFLDDQETLLCDNCKKEIPVF,,,1,1
1550657,MTEYKLVVVGARGVGKSALTIQLI,,,1,1
1550831,NGEGTIPVESSDIVPTWDGIRLGER,"Double-stranded RNA-specific adenosine deaminase (UniProt:P55265)","Homo sapiens (human)",1,1
1550832,NGEGTIPVESSDTVPTWDGIRLGER,,,1,2
1551065,NVLYSPALNKMFRQLAKTCPVQLWV,,,1,1
1551192,PETPVEGGASPDTMEVGFQKGTRQL,,,1,1
1551193,PETPVEGGASPDTMEVGKGASPFSP,,,1,1
1551219,PGDPQLIALIVEKLKSRGLFDSFRR,,,1,1
1551293,PKAIGHRNYHAGFSMFGAGLTVGLS,,,1,1
1551315,PKPSSPRQESTRMIQLMPSPIMHPL,,,1,1
1551850,QHVVAGTPGRVFYMIRRRSLRTRAI,,,1,1
1552046,QSISRNHVVDISKSGLITIAGGKWT,,,2,3
1552260,REQCGLELSIDRLRLRKKTWKNPGT,,,1,1
1552848,SDLEFSSDFTLKSTRTSMCTAIAGY,,,1,1
1553117,SGNLLGRNSFEVCVCACPGRDRRTE,,,2,3
1553574,SNNVFPFKIIHIIKKHRTWFFSASS,,,1,1
1554203,TCTYSPALNKMFRQLAKTCPVQLWV,,,1,1
1554653,TQATRRILMMNTVDVGARFKWDIKK,,,1,1
1554727,TSFLSINSKEETGHLENGNKYPNLE,,,1,1
1554903,TWARRLRKFQQREKGKCKKA,,,1,1
1555552,VRAPEVPVLDSKVDEWMPTKENLRS,,,1,1
1555724,VTEIQEKWHDSRHWQLSVATEQPEL,,,1,1
1555728,VTEQIDFSAARKKFQLMENSRQAVA,,,2,3
1556111,YKQSQHMTEVVRHCPHHERCSDSDG,,,2,2
1556144,YMCNSSCMGGMNQRPILTIITLEDS,,,1,2
1556145,YMCNSSCMGGMNWRPILTIITLEDS,,,1,1
1556303,EGFVLSGESCLPLA,,,1,1
1556306,FGLLGNILLVI,,,1,1
1556325,IEILRNLYHEIIV,,,1,2
1556342,LILTYNLRNRIVFR,,,1,1
1556354,PILEVEEMEPLPVM,,,1,1
1556357,QELRELRFLLKEEQ,,,1,1
1556377,SGLHIFPTKNLLIQ,,,1,2
1594795,ACYGADHDLGRLHSCVMASLRAQSPIP,,,1,1
1594808,AKTVKHGAGAEISIVNPEQYSKRFLDF,,,1,1
1594823,ANLEIMTKRSNYTSITNDKFTPPVVNV,,,1,1
1594853,AVRQAEKYYILRPDVIETYWYLWRFTH,,,1,2
1594860,CGPCSEKRFLLPSRSSKPVRICDFCYD,,,1,1
1594903,EIGWLKPVIGSQYLLEKVAEAHENIIH,,,1,1
1594905,EKRQAKYSENKLKLIKARNEYLLTLEA,,,1,1
1594908,ELVTEGVAESLFLLRTDYSFHKFHYLT,,,1,1
1594911,EQTLVLQIVAGILYLGNISFKEVGNYA,,,1,1
1594966,GGGTGDSEGSGALRSLTCSLTPLGLAL,,,1,1
1594969,GHQENAKNEEILNFLKYVRPGGGFEPN,,,1,1
1594971,GKSYQLLVVENTVKVAQFINNNPEFLQ,,,1,1
1594981,GVKLVVETPEETLLTYQGASVILPCRY,,,1,2
1594987,HLLLVYTGKTRLAWNLLQDVLRSWYAR,,,1,1
1594992,IAELENKNREILQKIQRLRLEHEQASQ,,,1,1
1595003,IIARTDLKKNRDYRLASKDAKKQLLCG,,,1,1
1595030,KEELQKSLNILTALQKKGAEKEEL,,,1,1
1595032,KFGQGLEDQLAQTKSLSLDDC,,,1,1
1595046,KSHRLPRLPKRHSYDDMLLLAQLSLPS,,,1,3
1595051,KYTAQESREMFPRLFIRLLRSKVSRFL,,,1,1
1595055,LAVGHLYRLSFLKKDSQSCRVAALEAS,,,1,1
1595063,LFGQLAAFAGRKWIKFFTSQVKQTRDS,,,1,1
1595110,LTVTLRSPTWMRMNQGVCCNLEYHSSG,,,1,1
1595120,MGPLLVATFWPELSEKIDAVYEAPQEE,,,1,1
1595133,MTEYKLVVVGAGDVGKSALTIQLIQN,,,1,1
1595150,NQEAFKHLYFEKFSGYYDTMDAGYMDE,,,1,1
1595157,PKGMPKDLNVGQQSLSNSGISEVEGLS,,,1,2
1595164,PQTLGKKGSKNNIFVYMTLNQKKSDSS,,,1,2
1595165,PQWQKDELRETLKFLKKVMDDLDRASK,,,1,1
1595167,PSRAGRPHHDQRSLSPHLGRSKSPPSH,,,1,1
1595168,PVPGVPFRNVDNDFPTSVELEDWVDAQ,,,1,1
1595176,QIKISTRKQKSVKVISSYTPKDCTSRN,,,1,1
1595178,QKEFETAGLKKLFFEFVLALVK,,,1,1
1595183,QVGRMERELNHEKVRCDQLQAEQKGLT,,,1,1
1595185,RAESDVERKEWMQVLQQAMAEQRARAR,,,1,1
1595187,RAQCHGHGRCVRRHPSASTFLHLSTNS,,,1,1
1595191,RDEEVSSADISSSFEVISQHLVSYRNI,,,1,1
1595197,RKDLLKANVKIFKFQGAALDKYAKKSV,,,1,1
1595207,RSLRKINSAPPTEIKSLRIASRSTRHS,,,1,2
1595216,SADARLMVFDKTERTWRLLCSSRSNAR,,,1,5
1595218,SDRCKDFSLCYWNLYWMLPSDVCGMNC,,,1,2
1595222,SHTKGIWMWCVPHFKKPGHILVLLDTE,,,1,1
1595228,SNKYDPPLEDGAMLSARLRKLEVEANN,,,1,1
1595234,SQNTDMVQKSVSKILPSTWSDPSVNIS,,,1,1
1595238,SRKKRGCSSSKYASSYYHVMPKQNSTL,,,1,1
1595240,SRWDDSQRFLSDHLYLVCEETAKYLIL,,,1,4
1595248,SSSTTNNDPYAKPSDTPRPVMTDQFPK,,,1,1
1595251,STKVESLVALLNNFSEMKLVQMKWHEA,,,1,1
1595252,STLISVPDRDPASFLRMANSALISVGC,,,1,1
1595290,TRLSKVFSAMLAIYSNKPALWIMAAKW,,,1,6
1595307,VFARVAPKQKEFVFTSLKELGYVTLMC,,,1,1
1595308,VFDTAFSRHFSLLKSQREFVRRFRGQA,,,1,2
1595318,VIKDGCIVERGRHKALLSRGGVYADMW,,,1,2
1595321,VKLLIGNRDSLDNLYYDWYILVTNKCH,,,1,1
1595328,VLSEERAALLELWKLRRQQYEQCMDLQ,,,1,1
1595329,VLSHVSGLGWLASNLPSFLRVPKWIIA,,,1,1
1595337,VRLFLDSKHPGHYVVYNLSPRTYRPSR,,,1,1
1595347,VTVLFAGQHIAKSLFEVYVDKSQGDAS,,,1,1
1595348,VVCYQSNRDELRRCIIQWLEAEIIPDG,,,1,1
1595349,VVYSILQGQPYFSLDPKTGVIRTALHN,,,1,1
1595354,WESVKLLFVKTEKLAALPIFSSFVSNW,,,1,2
1628590,ETNKSRGFAFVIFESPADAKDA,,,1,4
1631454,LPPTVYLRVTENIPHIISFIEGIIAR,,,1,3
1631455,LPPTVYLRVTENIPQIISFIEGIIAR,"Probable cysteine--tRNA ligase, mitochondrial (UniProt:Q9HA77)","Homo sapiens (human)",1,2
1635973,KLVVVGAAGVGKSALTI,,,1,10
1635974,KLVVVGACGVGKSALTI,,,1,9
1635975,KLVVVGADGVGKSALTI,,,1,6
1635976,KLVVVGAGGVGKSALTI,"KRAS proto-oncogene, GTPase (UniProt:G3V4K2)","Homo sapiens (human)",1,7
1635977,KLVVVGARGVGKSALTI,,,1,7
1635978,KLVVVGASGVGKSALTI,,,1,8
1635979,KLVVVGAVGVGKSALTI,,,3,9
1711658,KLVERLGAA,"Tyrosine-protein kinase Lck (UniProt:P06239)","Homo sapiens (human)",1,1
1714010,HYRKWIKDTI,"Prostate-specific antigen (UniProt:P07288)","Homo sapiens (human)",1,1
1740009,EIGWSYTGALNQKN,"Receptor-type tyrosine-protein phosphatase zeta (UniProt:P23471)","Homo sapiens (human)",1,5
1841274,VKVNEAYRFRVALPAYPA,"Brevican core protein (UniProt:Q96GW7)","Homo sapiens (human)",1,2
1852798,EEAAGIGILTVI,"Melanoma antigen recognized by T-cells 1 (UniProt:Q16655)","Homo sapiens (human)",1,1
1853205,HVKITDFGRAKLLGAEE,,,1,1
1853512,KQADYVPSDQDLLRCCVLTS,,,1,1
1853513,KQADYVPSDQDLLRCHVLTS,,,1,1
1853514,KQADYVPSDQDLLRCRVLTS,"Guanine nucleotide-binding protein G(s) subunit alpha isoforms XLas (UniProt:Q5JWF2)","Homo sapiens (human)",1,1
1853537,KSVWSKLQSIGIRQH,"Telomerase reverse transcriptase (UniProt:O14746)","Homo sapiens (human)",1,5
1853557,KYEKSAVLASNSQFLVK,,,1,1
1853613,LDGEYFTLEIRGRERFE,,,1,1
1853745,LLEFYLAMPFATP,"Cancer/testis antigen 1 (UniProt:P78358)","Homo sapiens (human)",2,5
1853981,LTSTVQLIMQLMPFGCL,,,1,1
1854030,MASVDNPLMCRLLGICL,,,1,1
1854280,PITMQCIKHYVGNGNAINELKFHPR,,,1,1
1854394,QDFRRNILSVCKEAVDL,,,1,1
1854533,RKRKFINRGLAHDSEEL,,,1,1
1854675,SLCYSILKAKNAGMS,"Telomerase reverse transcriptase (UniProt:O14746)","Homo sapiens (human)",1,5
1855031,VKIPVAIKTSPKANKEI,,,1,3
1855096,VPSQKTYQVSYGFRLGF,,,1,1
1860968,AGPKPSSSEWAVCWAP,,,1,1
1860972,AHTRTEATFFPPLLGI,,,1,1
1861027,ANHDETSFLLPRKES,,,1,1
1861028,ANLRKLNFRLFVIRG,,,1,1
1861050,ARQKALVRERERQLA,,,1,1
1861060,ASRYGIRGFSTIKIF,,,1,1
1861079,AVAFFPGNLSTSSSA,,,1,1
1861122,DFFQYFRATYPLLKAD,,,1,1
1861124,DFSQEFSPIQEAQQD,,,1,2
1861125,DGAWPVLLDKFVEWYK,,,1,1
1861132,DGVSEEFWLVDLLPS,,,1,1
1861141,DKGHQFHVHPLLHSG,,,1,1
1861146,DLFMMPRIVDVTSLA,,,1,1
1861155,DNTIFRRICTIAKHLE,,,1,1
1861156,DPNSPLYSVKSLKSFG,,,1,1
1861164,DRASFLLTDYALSPD,,,1,1
1861167,DRSVLAKKLKFVTLV,,,1,1
1861183,DVFPQGLPNEYAFVT,,,1,1
1861202,EATFFPPLLGIPPLFA,,,1,1
1861210,EEFLRLCKKIMMRSIQ,,,1,1
1861213,EEFWLVDLLPSTHYT,,,1,1
1861244,EMDFVRLAQLFARAR,,,1,1
1861249,ENQKAYYSSIVANRWL,,,1,1
1861261,ERFWRNILLLSLHKG,,,1,1
1861270,ESGGAVAFFPGNLST,,,1,1
1861275,ESPLVGLETGGNAEKV,,,1,1
1861279,ETSFLLPRKESNIVD,,,1,1
1861310,FEAEFTQVAKKEPDG,,,1,1
1861329,FLLTDYALSPDGSIR,,,1,1
1861368,FVADWAGTFKMVFTP,,,1,1
1861434,GKFGDLTNNFSSPHAR,,,1,1
1861481,GSAEYMASEVVEVFT,,,1,1
1861491,GTALVVPVFEIRRAR,,,1,1
1861536,HPRAVTGFLWRKTSKY,,,1,1
1861542,HRYLGICHSLRALRW,,,1,1
1861548,HSYQLYTHPLLHPWD,,,1,1
1861549,HSYQRYSHPLFLPGHR,,,1,1
1861556,HWTNCILHEYKNLSTS,,,1,1
1861561,IANILAAAVASISNQ,,,1,1
1861595,IHLFEAEFTQVAKKE,,,1,2
1861625,IPAEHINQATNGGGS,,,1,1
1861632,IPLSDNTIFRRICTI,,,1,1
1861651,ISTSSTIANILAAAV,,,1,1
1861664,ITLIGLPWSFLGWLGK,,,1,1
1861684,KASPVTFPAAAFPTAS,,,1,1
1861687,KCENMTITSRGTTVT,,,1,1
1861701,KFSKPALQSQSISLV,,,1,1
1861728,KKWFLFQDSKKIQVE,,,1,1
1861750,KLNFRLFVIRGQPAD,,,1,1
1861761,KPALQSQSISLVQQS,,,1,1
1861777,KSLLRAAFFGKCFLDR,,,1,1
1861778,KSRREFDKIELAYRR,,,1,1
1861798,LADFRLARLYSSEESR,,,1,1
1861806,LAKKLKFVTLVFRHGD,,,1,1
1861872,LKVLFKAQLEKAGVE,"Aurora kinase A (UniProt:O14965)","Homo sapiens (human)",1,1
1861883,LLFQNTDLGSFHDLLR,,,1,1
1861910,LPGKIHLFEAEFTQV,,,1,2
1861934,LRGLPGFVAAFVNIHL,,,1,1
1861968,LVQKVASKIPFPDRI,,,1,1
1862004,MKRVFGFPVHYTDVS,,,1,1
1862033,MTITSRGTTVTPTKE,,,1,1
1862058,NHHYLLFQNTDLGSF,,,1,1
1862070,NMFEISDRFIGIYKT,,,1,1
1862076,NNSKKKWFLFQDSKK,,,1,1
1862082,NQWGGTALVVPVFEI,,,1,1
1862107,PASAKSRREFDKIEL,,,1,1
1862113,PENDDLFMMPRIVDV,,,1,1
1862119,PGGDSGELITDAHEL,,,1,1
1862125,PKKIQMLARDFLDEY,,,1,1
1862127,PLRVSVGDFSQEFSP,,,1,1
1862134,PRLLFAPEYGPKLKL,,,1,1
1862137,PSQFARVPGYVGSPLA,,,1,1
1862174,QLYTHPLLHPWDHRD,,,1,1
1862193,QSPSLYGNSSPPLNK,,,1,1
1862194,QSTEDVFPQGLPNEY,,,1,1
1862220,REFDKIELAYRR,,,1,1
1862221,REGVFDGAASVQELML,,,1,1
1862228,RFNLIANQHLLAPGF,,,1,2
1862235,RGRELRFNLIANQHLL,,,1,1
1862349,SGELITDAHELGVAH,,,1,1
1862351,SGIPENSFNVSSLVE,,,1,1
1862358,SGSPPLRVSVGDFSQ,,,1,1
1862363,SHLASLKNNVSPVLR,,,1,1
1862365,SHQIHSYQLYTHPLL,,,1,1
1862366,SHTQTTLFHTFYELL,,,1,1
1862377,SKEYPVIFKSIMRQRL,,,1,1
1862388,SLKNNVSPVLRSHSF,,,1,1
1862397,SLRNNMFEISDRFIG,,,1,1
1862421,SQRTSWEFLQSLVSI,,,1,2
1862424,SRGTTVTPTKETVSLG,,,1,1
1862426,SRLQTRKNKKLALSS,,,1,1
1862433,SSHYKFSKPALQSQS,,,1,1
1862437,SSQPQVPFYPNLQKSQ,,,1,1
1862454,SVGDFSQEFSPIQEA,,,1,2
1862464,SWEFLQSLVSIKQEK,,,1,2
1862485,TATYITELANALSYCH,"Aurora kinase A (UniProt:O14965)","Homo sapiens (human)",1,1
1862496,TETVNHHYLLFQNTD,,,1,1
1862500,TFPAAAFPTASPANKD,,,1,1
1862501,TFPKKIQMLARDFLD,,,1,1
1862503,TGFLWRKTSKYMPRGS,,,1,1
1862521,TKIPAVKLNKLLENF,,,1,1
1862524,TKRQVILLHTELERF,,,1,1
1862561,TRKNKKLALSSTPSN,,,1,2
1862577,TTLFHTFYELLIQKN,,,1,1
1862611,VELRRNVLVSPTPLAN,,,1,1
1862619,VFGFPVHYTDVSNMS,"DNA (cytosine-5)-methyltransferase 3A (UniProt:Q9Y6K1)","Homo sapiens (human)",1,1
1862632,VIFKSIMRQRLISPQL,,,1,1
1862679,VSELMKVSAMSSPKV,,,1,1
1862696,VTLNDMKARQKALVR,,,1,1
1862711,VVPVFEIRRARRMPMN,,,1,1
1862758,YMASEVVEVFTDQAT,,,1,1
1862784,YYSSIVANRWLAVRLE,,,1,1
1863996,KKLLTQHFVQENYLEY,"Melanoma-associated antigen 3 (UniProt:P43357)","Homo sapiens (human)",3,12
1863997,KKVLTSVARLSSKSV,,,1,1
1870946,AGLQVRKNKRRRGCP,"Rho-related GTP-binding protein RhoC (UniProt:P08134)","Homo sapiens (human)",1,4
1871082,ATRAGLQVRKNKRRR,"Rho-related GTP-binding protein RhoC (UniProt:P08134)","Homo sapiens (human)",1,4
1871083,ATRAGLQVRKNKRRRGCPIL,"Rho-related GTP-binding protein RhoC (UniProt:P08134)","Homo sapiens (human)",1,7
1871252,DRTLMSAMTNLAALF,"Prostatic acid phosphatase (UniProt:P15309)","Homo sapiens (human)",1,1
1871851,GDRSPIDTFPTDPIK,"Prostatic acid phosphatase (UniProt:P15309)","Homo sapiens (human)",1,1
1871895,GGVLVNEILNHMKRATQI,"Prostatic acid phosphatase (UniProt:P15309)","Homo sapiens (human)",1,1
1872104,GQDLFGIWSKVYDPL,"Prostatic acid phosphatase (UniProt:P15309)","Homo sapiens (human)",1,2
1872156,GVLQGITSWGSEPCALPERP,"Prostate-specific antigen (UniProt:P07288)","Homo sapiens (human)",1,1
1872764,LGEYIRKRYRKFLNE,"Prostatic acid phosphatase (UniProt:P15309)","Homo sapiens (human)",1,1
1872923,LQVRKNKRRRGCPIL,"Rho-related GTP-binding protein RhoC (UniProt:P08134)","Homo sapiens (human)",1,3
1872996,MALDVYNGLLPPYAS,"Prostatic acid phosphatase (UniProt:P15309)","Homo sapiens (human)",1,1
1873185,PPYASCHLTELYFEK,"Prostatic acid phosphatase (UniProt:P15309)","Homo sapiens (human)",1,1
1873646,TEDTMTKLRELSELS,"Prostatic acid phosphatase (UniProt:P15309)","Homo sapiens (human)",1,2
1874027,YKDFIATLGKLSGLH,"Prostatic acid phosphatase (UniProt:P15309)","Homo sapiens (human)",1,1
1948989,HQQYFYKIPILVINK,"STEAP1 protein (UniProt:Q9UHE8)","Homo sapiens (human)",1,2
1951077,LLNWAYQQVQQNKED,"STEAP1 protein (UniProt:Q9UHE8)","Homo sapiens (human)",1,2
1968727,MTEYKLVVVGAGGVGKSALTIQLIQ,"GTPase KRas (UniProt:P01116)","Homo sapiens (human)",1,1
1968728,MTEYKLVVVGAVGVGKSALT,,,1,3
1968729,MTEYKLVVVGAVGVGKSALTIQLIQ,,,1,2
1969799,QTTTADQLLEFFKQVGEVKFVRMAGDE,"Splicing regulatory glutamine/lysine-rich protein 1 (UniProt:Q8WXA9)","Homo sapiens (human)",1,1
1983303,KEFTVSGNILT,"Cancer/testis antigen 1 (UniProt:P78358)","Homo sapiens (human)",1,4
2001209,MQMFPPSPLFFFLQ,"T-cell receptor gamma alternate reading frame protein (UniProt:A2JGV3)","Homo sapiens (human)",1,2
2001262,QLLKQSSRRLEHTF,"T-cell receptor gamma alternate reading frame protein (UniProt:A2JGV3)","Homo sapiens (human)",1,2
2060900,TKVVHYRKWIKDTI,"Prostate-specific antigen (UniProt:P07288)","Homo sapiens (human)",1,2
2060910,VVHYRKWIKDTIVA,"Prostate-specific antigen (UniProt:P07288)","Homo sapiens (human)",1,2
2134423,EDLTVKIGDFGLATEKSRWSGSHQFEQLS,,,1,4
2144690,NSKEETGHLENGN,,,1,7
2148962,SGQARMFPNAPYLPSCLES,"Wilms tumor protein (UniProt:P19544)","Homo sapiens (human)",2,3
2157380,MIFEKHGFRRTTPP,,,1,2
2158359,AFPNIDKISKITSPVLIIHGTEDEVID,"Alpha/beta hydrolase domain-containing protein 17B (UniProt:Q5VST6)","Homo sapiens (human)",1,1
2158360,AFPNIDKISKITSSVLIIHGTEDEVID,,,1,2
2159621,ASKVMVELLGSYTEDNASQARVDAHRC,"Eukaryotic translation initiation factor 3 subunit M (UniProt:Q7L2H7)","Homo sapiens (human)",1,1
2159622,ASKVMVELLGSYTKDNASQARVDAHRC,,,1,2
2162007,EDDPLVLNEIREDLRVECSKFGQIRKL,"17S U2 SnRNP complex component HTATSF1 (UniProt:O43719)","Homo sapiens (human)",1,1
2162008,EDDPLVLNEIREDRRVECSKFGQIRKL,,,1,2
2162097,EDYPVDLYYLMDLFLSMKDDLDNIRSL,,,1,2
2162098,EDYPVDLYYLMDLSLSMKDDLDNIRSL,"Integrin beta-5 (UniProt:P18084)","Homo sapiens (human)",1,1
2164732,GDFGLATVKSRWSGS,"Serine/threonine-protein kinase B-raf (UniProt:P15056)","Homo sapiens (human)",1,2
2166638,HSNRMHCSGLAWHLDVATQMVLASEDD,,,1,1
2169722,KLGQKVLIPVKQFPKFNFVGKLLGPRG,"KH domain-containing, RNA-binding, signal transduction-associated protein 3 (UniProt:O75525)","Homo sapiens (human)",1,1
2169723,KLGQKVLIPVKQFSKFNFVGKLLGPRG,,,1,2
2176844,RGAVLPHFNVLFDGLSKLAADPDPNVK,"Protein VAC14 homolog (UniProt:Q08AM6)","Homo sapiens (human)",1,1
2176845,RGAVLPHFNVLFDVLSKLAADPDPNVK,,,1,2
2182789,VKIGDFGLATEKSRWSGSHQF,,,1,1
2185816,EIDNTVSPV,,,1,3
2185859,FSIHFGVAA,,,1,3
2185999,KEDFSSFQLLVQVALQRAAEMELQK,,,1,1
2186067,LDEVIKVYRYFAGWVDKWHGKTIPM,,,1,1
2186148,LVNEFYYGM,,,1,3
2186307,SAHPPTLPL,,,1,3
2186525,WAPVLDFAPPGASAYGSL,"Wilms tumor protein (UniProt:P19544)","Homo sapiens (human)",2,6
2186558,YSTEFGAVV,,,1,3
2186648,AKDIVYIGLRDVDPGEHYIL,"Arginase-1 (UniProt:P05089)","Homo sapiens (human)",2,9
2186744,DVDPGEHYILKTLGIKYFSM,"Arginase-1 (UniProt:P05089)","Homo sapiens (human)",3,20
2186930,KTLGIKYFSMTEVDRLGIGK,"Arginase-1 (UniProt:P05089)","Homo sapiens (human)",2,15
2187454,ARPVEWLGRCILDA,,,1,1
2187465,CWISFDTHLLY,,,1,1
2187495,HGFGPSLPTSGRDRL,,,1,1
2187510,LCTDVALPLIVHNIQ,,,1,1
2187519,LPYVQILKTAGVNTT,"Fibroblast growth factor receptor 1 (UniProt:P11362)","Homo sapiens (human)",1,1
2187564,VGLAVNSAVLYVLL,,,1,1
2187656,FMTYWHLLNAFTVTVPKDL,"Programmed cell death 1 ligand 1 (UniProt:Q9NZQ7)","Homo sapiens (human)",1,2
2187685,ISAKDIVYIGLRDVDPGEHYILKTLGIKYFSMTEVDRL,"Arginase-1 (UniProt:P05089)","Homo sapiens (human)",2,9
2187755,PGCNKRYFKLSHLQMHSRKHTG,"Wilms tumor protein (UniProt:P19544)","Homo sapiens (human)",2,4
2187797,RSDELVRHHNMHQRNMTKL,"Wilms tumor protein (UniProt:P19544)","Homo sapiens (human)",2,4
2187953,ARMESRNHFLKNPCF,,,1,1
2188105,ELFLSRQFESLPATH,"Metastasis-associated protein MTA2 (UniProt:O94776)","Homo sapiens (human)",1,1
2188106,ELFLSWQFESLPATH,,,1,1
2188167,FMPSIGWLVRWKRRN,,,1,1
2188282,HKQSLQLTFRSLCTY,"Zinc finger ZZ-type and EF-hand domain-containing protein 1 (UniProt:O43149)","Homo sapiens (human)",1,1
2188420,KRYFKLSHLQMHSRKH,"Wilms tumor protein (UniProt:P19544)","Homo sapiens (human)",6,15
2188450,LKHRELFLSWQFESL,,,1,1
2188508,MGQDFMPSIGWLVRW,,,1,1
2188509,MGQDFVPSIGWLVRW,"Tigger transposable element-derived protein 3 (UniProt:Q6B0B8)","Homo sapiens (human)",1,1
2188659,PSMGYYILFVHGLSK,,,1,1
2188821,SRAFQTREFIPLPRL,"Nucleolar pre-ribosomal-associated protein 1 (UniProt:O60287)","Homo sapiens (human)",1,1
2188822,SRAFQTREFIPLPWL,,,1,1
2188825,SRNHFLKNPCFFPPN,,,1,1
2188826,SRNHFLKNPRFFPPN,"Deleted in lung and esophageal cancer protein 1 (UniProt:Q9Y238)","Homo sapiens (human)",1,1
2188851,STSRIFYLLYLGRLF,,,1,1
2188861,SWQFESLPATHIRGK,,,1,1
2188894,TLEPSTSRIFYLLYL,,,1,1
2188929,VAERVLYMPSMGYYI,,,1,1
2188965,VLYMPSMGYYILFVH,,,1,1
2188989,WMLFGWQQPVSSCEK,,,1,1
2189042,YYILFVHGLSKLCTW,,,1,1
2189077,AERLTSRVKALFSVL,"Telomerase reverse transcriptase (UniProt:O14746)","Homo sapiens (human)",2,11
2189083,ALFSVLNYERARRPGLLGASVLGLDDIHRA,"Telomerase reverse transcriptase (UniProt:O14746)","Homo sapiens (human)",2,61
2189143,FSWAMDLDPKGA,"Cell division cycle protein 27 homolog (UniProt:P30260)","Homo sapiens (human)",1,3
2189284,RTFVLRVRAQDPPPE,"Telomerase reverse transcriptase (UniProt:O14746)","Homo sapiens (human)",2,20
2192326,DEFIYQVLLRVKENE,,,1,1
2192331,DLSFAIQCSRILKLT,"Protein TFG (UniProt:Q92734)","Homo sapiens (human)",1,1
2192389,HRRYREGGVQGWRGG,,,1,1
2192400,IHTDKSTNSPPPKSKTPSSPLISSFRK,,,1,1
2192429,KSKTPSSPLISSFRK,,,1,1
2192442,LEPLAGGSPEATSPGFMLIGSDVKLNS,,,1,1
2192472,MAAAAPRRPTQVGGAAVLAVGIWT,,,1,1
2192475,MADEKPKEAILPATSLWEERSLTQLILKVTCLERTAI,,,1,1
2192528,QVSLLALAGKLRNQK,,,1,1
2192571,SPGFMLIGSDVKLNS,,,1,1
2192575,SRILKLTLFGKSTSS,,,1,1
2192593,TAYFGDLIRRPASET,"Trimethylguanosine synthase (UniProt:Q96RS0)","Homo sapiens (human)",1,1
2192613,VEFIDQLSKKITNNI,,,1,1
2192637,YQVLLRVKENELQYL,,,1,1
2217972,GARGPESRLLEFYLAMPFATPMEAELARRSLAQDAPPL,"Cancer/testis antigen 1 (UniProt:P78358)","Homo sapiens (human)",1,4
2217995,VPGVLLKEFTVSGNILTIRLTAADHR,"Cancer/testis antigen 1 (UniProt:P78358)","Homo sapiens (human)",1,5
2218224,"NYIDKVRFLEQQNKILLAEL + CARB(K5, K14)","Vimentin (UniProt:P08670)","Homo sapiens (human)",1,1
2218733,ALPEDRGLYKCVAKNNAGQAECSCQVTVDDA,,,1,2
2219050,DRALELEARRWAEDVAPQRLDGHCHSELAID,,,1,2
2219053,DRDDIVKTVIKPMASEGLRTI,,,1,1
2219162,EEEDAAWQAEEVLRQQKLADR,"Receptor-binding cancer antigen expressed on SiSo cells (UniProt:O00559)","Homo sapiens (human)",1,1
2219242,ELFLMKLINRPIIVFRGEHGFIGCR,"Fascin (UniProt:Q16658)","Homo sapiens (human)",1,1
2219281,EPDYFKDMTPTIRKTQKIVI,"Receptor-binding cancer antigen expressed on SiSo cells (UniProt:O00559)","Homo sapiens (human)",1,1
2219444,FKGFWNVVNNIPFLRN,"Prostaglandin G/H synthase 2 (UniProt:P35354)","Homo sapiens (human)",1,1
2219573,GEVGFQIINTASIQSLIC,"Prostaglandin G/H synthase 2 (UniProt:P35354)","Homo sapiens (human)",1,1
2219589,GFSSRLAATQDLPFIHQSSELGD,"Receptor-binding cancer antigen expressed on SiSo cells (UniProt:O00559)","Homo sapiens (human)",1,1
2219675,GLVPGLMMYATIWLREH,"Prostaglandin G/H synthase 2 (UniProt:P35354)","Homo sapiens (human)",1,1
2219818,GYRMVHPSLLKSSRSLFSGTMTVDGNKNSPA,,,1,2
2219994,IPLQLLSFHLAVLRGYDVDFPRNLVKSVTVE,,,1,2
2220006,IRKTSYAQHQQVRQIWKKMMEIMTREVQTND,,,1,2
2220137,KIVNLQGRLKSSRKLLSELTFDFQIESIVCL,,,1,2
2220336,LFKFCTCLATVFSFLKRLIC,"Receptor-binding cancer antigen expressed on SiSo cells (UniProt:O00559)","Homo sapiens (human)",1,1
2220867,NKYLTAEAFGFKVNASASSL,"Fascin (UniProt:Q16658)","Homo sapiens (human)",1,1
2221218,QAIQAASRIIRNEQFAIRRFQ,"M-phase inducer phosphatase 2 (UniProt:P30305)","Homo sapiens (human)",1,1
2221478,RGLYKCVAKNNAGQAECSCQV,,,1,1
2221868,SRIQTESHRVAGEDMLVWRWTKLSSFSDSER,,,1,2
2222069,TKNISGDKACNLMIFHTRKTARQPNCYLFFC,,,1,2
2222081,TLERPKTLSPGKNGV,"Receptor tyrosine-protein kinase erbB-2 (UniProt:P04626)","Homo sapiens (human)",1,1
2222146,TQRCEKCSKPCARVCYGL,"Receptor tyrosine-protein kinase erbB-2 (UniProt:P04626)","Homo sapiens (human)",1,1
2222225,VDGKHQDLKYISPETMVALLTGK,"M-phase inducer phosphatase 2 (UniProt:P30305)","Homo sapiens (human)",1,1
2222268,VFRPRDRDDIVKTVIKPMASEGLRTICLAFR,,,1,2
2222654,AARELLTLDEKDPRRLFE,"Small ribosomal subunit protein uS4 (UniProt:P46781)","Homo sapiens (human)",1,1
2222655,AARELLTLDEKDSRRLFE,,,1,1
2222662,APVGGGAFSTIVEREPWDG,,,1,1
2222691,DDEDFQSIEFQVKQAHAKAKLVRLN,,,1,1
2222710,EEKMISDAILELKAS,,,1,1
2222761,GGIVDPSKSHRVPLD,"Plectin (UniProt:Q15149)","Homo sapiens (human)",1,1
2222762,GGIVDSSKSHRVPLD,,,1,1
2222813,IPDQKYSLEQIHLEVSKHLGRVWFP,,,1,1
2222825,KAKNFVTSLLSIIND,,,1,1
2222826,KAKNSVTSLLSIIND,"Laminin subunit gamma-1 (UniProt:P11047)","Homo sapiens (human)",1,1
2222827,KAQYVRLYFQVCRRH,,,1,1
2222828,KAQYVRLYPQVCRRH,"EGF-like repeat and discoidin I-like domain-containing protein 3 (UniProt:O43854)","Homo sapiens (human)",1,1
2222831,KEIFTYKKMVEDYYK,,,1,1
2222832,KEISTYKKMVEDYYK,"Plexin-B2 (UniProt:O15031)","Homo sapiens (human)",1,1
2222838,KGSLLPQRSDQHQPA,,,1,1
2222839,KGSLPPQRSDQHQPA,"Ataxin-2-like protein (UniProt:Q8WWM7)","Homo sapiens (human)",1,1
2222859,KYSERVYEACIKAFD,,,1,1
2222871,LLQRLLDDRKFTVEV,,,1,1
2222882,LNYLHERGIIYRNLKLDNVLLDSEG,,,1,1
2222942,PKQLVTNACLIKVVDIYTVKVEDLT,,,1,1
2222950,QEILEKHKLIQEKQILRNIIHETQM,,,1,1
2222953,QGKYRGAKGSLLPQR,,,1,1
2222954,QGKYRGAKGSLPPQR,"Ataxin-2-like protein (UniProt:Q8WWM7)","Homo sapiens (human)",1,1
2223035,TKPFEYLFATGNLRS,"DNA-directed RNA polymerase I subunit RPA2 (UniProt:Q9H9Y6)","Homo sapiens (human)",1,1
2223036,TKPFEYLIATGNLRS,,,1,1
2223079,VRDLRDFCDLRDSRD,,,1,1
2224002,GARGPESRLLEFYLAMPFATPMEAELARRS,"Cancer/testis antigen 1 (UniProt:P78358)","Homo sapiens (human)",1,14
2226767,TEYKLVVVGAGGV,"KRAS proto-oncogene, GTPase (UniProt:G3V5T7)","Homo sapiens (human)",1,2
2226769,TEYKLVVVGAVGV,"GTPase NRas (UniProt:P01111)","Homo sapiens (human)",1,20
2227134,AAIRNDVAKQRAA,"Interferon-inducible protein AIM2 (UniProt:O14862)","Homo sapiens (human)",1,1
2227268,ASFSSELFRHLHT,"Receptor-type tyrosine-protein phosphatase zeta (UniProt:P23471)","Homo sapiens (human)",1,1
2227759,FGSLAFLPESFDG,"Receptor tyrosine-protein kinase erbB-2 (UniProt:P04626)","Homo sapiens (human)",1,2
2227776,FKIQYLQFLAY,"Histone-lysine N-methyltransferase, H3 lysine-79 specific (UniProt:Q8TEK3)","Homo sapiens (human)",1,1
2227844,FRLKINEGTPLK,,,1,1
2227989,GRILHNGAYSLTL,"Receptor tyrosine-protein kinase erbB-2 (UniProt:P04626)","Homo sapiens (human)",1,5
2227996,GSFLRIPSLHLLL,"Leucine-rich repeat LGI family member 4 (UniProt:Q8N135)","Homo sapiens (human)",1,1
2227999,GSLTLAPPLLRVS,"Chondroitin sulfate proteoglycan 4 (UniProt:Q6UVK1)","Homo sapiens (human)",1,1
2228074,HLIVSNSASSENM,"Receptor-type tyrosine-protein phosphatase zeta (UniProt:P23471)","Homo sapiens (human)",1,5
2228091,HPFALTLFEDILY,"Low-density lipoprotein receptor-related protein 6 (UniProt:O75581)","Homo sapiens (human)",1,1
2228267,KFFLSDEFNIAT,"Interferon-inducible protein AIM2 (UniProt:O14862)","Homo sapiens (human)",1,1
2228278,KHIRSQRNYLVQT,"Receptor-type tyrosine-protein phosphatase zeta (UniProt:P23471)","Homo sapiens (human)",1,2
2228359,KTFDWTQFRIISR,"Chromodomain-helicase-DNA-binding protein 6 (UniProt:Q8TD26)","Homo sapiens (human)",1,1
2228436,LFFEFYRLLHDA,"DNA (cytosine-5)-methyltransferase 3A (UniProt:Q9Y6K1)","Homo sapiens (human)",1,1
2228527,LPFFLLPSFFNNT,"Isoform 2 of Fatty acid-binding protein, brain (UniProt:O15540-2)","Homo sapiens (human)",1,1
2228543,LQFLADLEELITK,"SET-binding protein (UniProt:Q9Y6X0)","Homo sapiens (human)",1,1
2228546,LQFVKDHPLMDDL,,,1,1
2228569,LRYEVDTVLRYEV,"Brevican core protein (UniProt:Q96GW7)","Homo sapiens (human)",1,1
2228649,MGFIQAMSALRGM,"A-kinase anchor protein 17A (UniProt:Q02040)","Homo sapiens (human)",1,1
2228704,MSYLEDVRLVHRD,"Receptor tyrosine-protein kinase erbB-2 (UniProt:P04626)","Homo sapiens (human)",1,1
2228724,NAFVNVLAEPPRI,"Neuronal cell adhesion molecule (UniProt:Q92823)","Homo sapiens (human)",1,1
2228752,NKFLSEIEDELFN,"Chromodomain-helicase-DNA-binding protein 7 (UniProt:Q9P2D1)","Homo sapiens (human)",1,1
2228786,NRLLYNATTNILE,"Isoform 2 of L-dopachrome tautomerase (UniProt:P40126-2)","Homo sapiens (human)",1,5
2228825,PALEAHCVEFL,"BTB/POZ domain-containing protein 1 (UniProt:Q9H0C5)","Homo sapiens (human)",1,2
2228846,PILSADDLLGSP,"mRNA decay activator protein ZFP36L1 (UniProt:Q07352)","Homo sapiens (human)",1,1
2228871,PSFFNNTSLARFF,"Isoform 2 of Fatty acid-binding protein, brain (UniProt:O15540-2)","Homo sapiens (human)",1,1
2228935,QPVEFNHAIHYVN,,,1,1
2228936,QPVEFNHAINYVN,"Paired amphipathic helix protein Sin3a (UniProt:Q96ST3)","Homo sapiens (human)",1,3
2228978,RAEIVTEAEPEVD,"Tenascin (UniProt:P24821)","Homo sapiens (human)",1,1
2228994,REFTKATNVRLRF,"Laminin subunit alpha-5 (UniProt:O15230)","Homo sapiens (human)",1,1
2229052,RLVHRDLAARNVL,"Receptor tyrosine-protein kinase erbB-2 (UniProt:P04626)","Homo sapiens (human)",1,1
2229074,RQLQVDRTKLSRA,,,1,1
2229361,SSYFTFQLQNIV,"Interleukin-13 receptor subunit alpha-2 (UniProt:Q14627)","Homo sapiens (human)",1,1
2229479,TGINFDNPSVQKA,"Nuclear receptor coactivator 5 (UniProt:Q9HCD5)","Homo sapiens (human)",1,4
2229498,TKFIHTKPNRFEE,"Neuroligin-4, X-linked (UniProt:Q8N0W4)","Homo sapiens (human)",1,1
2229521,TLMIQNAGAVSAV,"Interferon-inducible protein AIM2 (UniProt:O14862)","Homo sapiens (human)",1,1
2229621,VAAFAYQIEELMI,"Ciliary neurotrophic factor (UniProt:P26441)","Homo sapiens (human)",1,1
2229632,VCVMLNSNVLLWL,"Neuroligin-4, X-linked (UniProt:Q8N0W4)","Homo sapiens (human)",1,1
2229695,VLLAFLQYRRLR,"L-dopachrome tautomerase (UniProt:P40126)","Homo sapiens (human)",1,1
2229821,WLVLGFLWPLLTL,,,1,1
2230203,ATYSGAGYYLDLSIT,,,1,1
2230231,EDKKIDFSEFLSLLGDI,"Protein S100-A7A (UniProt:Q86SG5)","Homo sapiens (human)",1,1
2230275,HGSSFFLLILKRDSAFI,,,1,1
2230285,IHREDEDEIKWWWARLN,,,1,1
2230311,KYIQESQALAKRSCGLFQKLGEYYLQNAFL,"Alpha-fetoprotein (UniProt:P02771)","Homo sapiens (human)",1,1
2230416,STKYSHKSPQLSVHVTD,,,1,1
2230470,AADHRQLQLSISSCLQQLSLLM,"Cancer/testis antigen 1 (UniProt:P78358)","Homo sapiens (human)",1,1
2231757,QHMTEVVRHCPHHER,,,1,4
2231844,RNTFRHSVVVPCE,,,1,5
2231872,SCMGGMNWRPILTII,,,1,5
2232331,VVRHCPHHERCSDSD,,,1,4
2232624,CFLPVFLAQPPSGQR,"Cancer/testis antigen 1 (UniProt:P78358)","Homo sapiens (human)",1,2
2232660,EFYLAMPFATPMEAE,"Cancer/testis antigen 1 (UniProt:P78358)","Homo sapiens (human)",1,2
2232738,ISSCLQQLSLLMWIT,"Cancer/testis antigen 1 (UniProt:P78358)","Homo sapiens (human)",1,3
2232778,LQQLSLLMWITQCFL,"Cancer/testis antigen 1 (UniProt:P78358)","Homo sapiens (human)",1,4
2232784,LTIRLTAADHRQLQL,"Cancer/testis antigen 1 (UniProt:P78358)","Homo sapiens (human)",1,1
2232801,MTEYKLVVVGADGVGKSALTIQLIQ,,,1,1
2232802,MTEYKLVVVGARGVGKSALTIQLIQ,,,1,1
2233031,EVEQYGPQENVHMFVDSTYC,"Circadian clock protein PASD1 (UniProt:Q8IV76)","Homo sapiens (human)",1,1
2233190,QQQLVQQEQHLKEQQRQLRE,"Circadian clock protein PASD1 (UniProt:Q8IV76)","Homo sapiens (human)",1,1
2233236,SIDWFMVTVHPFMLNNDVCV,"Placenta-specific protein 1 (UniProt:Q9HBJ0)","Homo sapiens (human)",1,1
2233311,ASIPLFQVPEPVTSC,"Alpha-fetoprotein (UniProt:P02771)","Homo sapiens (human)",1,1
2233312,CAVMKNFGTRTFQAITVTKLSQ,"Alpha-fetoprotein (UniProt:P02771)","Homo sapiens (human)",1,1
2233313,CGLFQKLGEYYLQNAFLVAYT,"Alpha-fetoprotein (UniProt:P02771)","Homo sapiens (human)",1,1
2233318,EKNIFLASFVHEYSRRHPQL,"Alpha-fetoprotein (UniProt:P02771)","Homo sapiens (human)",1,2
2233319,EVSKMVKDALTAIEKPT,"Alpha-fetoprotein (UniProt:P02771)","Homo sapiens (human)",1,1
2233326,HRNEYGIASILDSYQCTAEI,"Alpha-fetoprotein (UniProt:P02771)","Homo sapiens (human)",1,2
2233331,KFTKVNFTEIQKLVLD,"Alpha-fetoprotein (UniProt:P02771)","Homo sapiens (human)",1,1
2233336,KQEFLINLVKQKPQITEEQ,"Alpha-fetoprotein (UniProt:P02771)","Homo sapiens (human)",1,1
2233346,MKWVESIFLIFLLNFTESRT,"Alpha-fetoprotein (UniProt:P02771)","Homo sapiens (human)",1,4
2233358,QNAFLVAYTKKAPQLTSSELM,"Alpha-fetoprotein (UniProt:P02771)","Homo sapiens (human)",1,1
2233362,RETFMNKFIYEIARRHPFLY,"Alpha-fetoprotein (UniProt:P02771)","Homo sapiens (human)",1,1
2233363,RHPFLYAPTILLWAARYDKII,"Alpha-fetoprotein (UniProt:P02771)","Homo sapiens (human)",1,1
2233364,RHPQLAVSVILRVAKG,"Alpha-fetoprotein (UniProt:P02771)","Homo sapiens (human)",1,1
2233383,TKELRESSLLNQHACAVMKN,"Alpha-fetoprotein (UniProt:P02771)","Homo sapiens (human)",1,1
2233513,GGTAWLLQHYEACASALAQNMRHTY,,,1,2
2233543,IRPAPQVLATQPLLWQALPPPPPLR,,,1,3
2233544,IRPAPQVLATQPPLWQALPPPPPLR,"MAGE-like protein 2 (UniProt:Q9UJ55)","Homo sapiens (human)",1,1
2233634,RPDDPSNQIKITDTKEGIEKARHEV,,,1,1
2233731,AARKSAPSTGGVRKPHRYRPGTVAL,,,1,1
2233733,AHKQRLKELKQRGFARNVASKSWKD,,,1,1
2233735,ALIQYFSPYVSAYMHRMAAAFNTTV,,,1,1
2233736,ATGAADNGFLSHKFLTVAPGHSSHH,,,1,1
2233738,AVDPSSVALVTLCSSKEMLFEGGPR,,,1,1
2233740,AVPPGADKKAEAEAGSATEFQFRGG,,,1,1
2233741,DPPALASTNAEVT,,,2,2
2233743,DRNTFRHSVVVPYEPPEVGSDCTTI,"Cellular tumor antigen p53 (UniProt:P04637)","Homo sapiens (human)",1,1
2233744,DRNWYVQPSCATAGDGLYEGLTWLT,,,1,1
2233746,DVIPRIRAMEGRTGRPPNPDRQRAR,,,1,1
2233748,EFKKLNCQVIGAFVDSHFCHLAWVN,,,1,1
2233749,EGKPITNQKSSGQCWIFSCLNVMRL,,,1,1
2233751,EKKVKSPRAALDVGVASAASPESKP,,,1,1
2233752,EKLGGSAVISLECKPL,,,1,1
2233753,ETDWKVIAINVDNPDAANYNDINDV,,,1,1
2233754,ETDWKVIAINVDNPDAANYNVCNSV,,,1,1
2233756,EVVILDVRVPCTRVARLNNHRACVN,,,1,1
2233758,FAYQRRTKKELALALKSALSGHLET,,,1,1
2233759,FEKKDKNEDKKIEFSEFLSLLGDIA,,,1,1
2233763,FYDARLLCDVTIQVVTPGSGPGTGR,,,1,1
2233766,GLHSLRHRNWYIKATCATSGDGLYE,,,1,1
2233767,GRTERVRNCSSPKFSKTLQLEYRFE,,,1,1
2233768,GYNSYSVSNSEKHIM,,,2,2
2233769,HEQEVESRRPVVHLERPFQPAEESV,,,1,1
2233771,HWFLGHQKFIQDYNMEKLEEIIEKY,,,1,1
2233772,IHSLQLLPPGFNGFSCLSSWSSWDY,,,1,1
2233776,IRPVTPVEKYIKFFPSPPVPQTTQG,,,1,1
2233777,KELLQTPNFRITMVDDADTVELCGA,,,1,1
2233778,KEMEGPPGLRLFRSPLSDYYAYSPV,,,1,1
2233779,KGKKKSKPVNKDCYISKMFLRGDSV,,,1,1
2233780,KHMFERSFTQGEVARPLSTRVPRAA,,,1,1
2233781,KINRLPTPIAGLNNIILFLRGCKEL,,,1,1
2233782,KLFKMDEASAQLVAYKEKGHSQSSQ,,,1,1
2233783,KMVQSDFMQGAMPASNGGHMLSHAH,,,1,1
2233784,KQYMRIPSAPSAPLNIIRFFHLRQS,,,1,1
2233786,KVVILDVRVPCTRVARLNNHRACVN,,,1,1
2233790,LLGAGLLLGAYVFVYYNLVKAPPCG,,,1,1
2233792,LVEKKSKNHIRWMILAILEQFPNKRSYRRNFLTYQ,,,1,1
2233793,LVILGAILLCLGVALTFIFRLRKGR,"Programmed cell death 1 ligand 1 (UniProt:Q9NZQ7)","Homo sapiens (human)",1,1
2233794,MALVDKHRVKRQRLDRICEG,,,1,1
2233796,MQHRYIELFLNSITGASNGAYSSQV,,,1,1
2233798,NRRRFLLDTNKSTFVDFQKVRIQET,,,1,1
2233799,NSKRDYTGCSTSQSLSPVKQAPRKS,,,1,1
2233801,PALLPSPGPAASRASAKAPVRSVVT,,,1,1
2233802,PGQHMPGRMIPTAAANIHPSGSGPT,,,1,1
2233804,PNIDSPLNTHAAKLWKNPTAFKKYL,,,1,1
2233805,PPWSENKYDISKYFWAVLAARLAFV,,,1,1
2233806,PSSEMETSVPPGLKVFGAPNVVEDE,,,1,1
2233807,PTESKNKELTRSESSEVTDAYTKEK,,,1,1
2233809,PVAIKVLRENTSQILDEAYVMAGVG,,,1,1
2233813,REFFTKLGITQLHFKPAYNPYTEPS,,,1,1
2233815,RHMSSLSHISPFSHADAPAIQPVLW,,,1,1
2233816,RLRSQTVSTRYLLVEGGNFHASSQQ,,,1,1
2233817,RMQGQEAVLAMSRRSWLSYSYQSRF,,,1,1
2233818,SAFDIALEKNNAKILVILQEAMQNQ,,,1,1
2233823,SGASIRWQVVDRHIPLYANHKTLLQ,,,1,1
2233827,TASLTVKGFASDHFLYANRTPMYMT,,,1,1
2233828,TLRWYRDRKELKGTVRFRVDRKDDG,,,1,1
2233829,TPEEREVRRMRDHEAKRLQRMQETD,,,1,1
2233830,TTSVVIIAGSLLHSCTKLLQKGIHP,,,1,1
2233833,VEKLSKFKIRIEHPPRRKHMVFLGG,,,1,1
2233834,VFVLGILFTGTKHLLKSQVIAADFK,,,1,1
2233837,VLYVLRSVYVDDGSEAAGNRVDYAF,,,1,1
2233838,VSEFYEETKVKFLELSEELLWEYVH,,,1,1
2233840,VVWQKIKATVFDYCKKEGEWKIMLL,,,1,1
2233841,WNPVPLSYVTDASDATVADMLQDVY,,,1,1
2233844,YGQPVRGSPFRVCALRPGDLPPSPD,,,1,1
2233845,YIEITGAGGKKYCISTAIDDMEAYT,,,1,1
2233850,YTGSNVFGKLRKCVELLKTQWTEFN,,,1,1
2234200,KSLVRLSSCVPVALMSAMT,,,1,2
2236789,"RSYVTTSTRTYSLGSALRPSTS + CITR(R1, R9)","Vimentin (UniProt:P08670)","Homo sapiens (human)",1,2
2238051,AIAMAMSASQDAFPIVPQLQVENGE,,,1,1
2238057,ASALIRTLGKQLKVNRREILINNFK,,,1,1
2238069,DDKKWKLQLHELIKLPAFVRVVSAG,,,1,1
2238136,LPPAPPSSGGSRA,,,1,1
2238169,PVASTSQPASILRGSHSEGLLQIAS,,,1,1
2238173,QLPKTDGGSETKTQRSKRTQRTGEK,,,1,1
2238180,RMAPSLTFKEKVISLKFKEKPTDLE,,,1,1
2238342,"IGGVILFHETLYQKADDGRP + CITR(K14)","Fructose-bisphosphate aldolase A (UniProt:P04075)","Homo sapiens (human)",1,1
2238357,"KDGADFAKWRCVLKIGEH + CITR(K1, K8, K14)","Fructose-bisphosphate aldolase A (UniProt:P04075)","Homo sapiens (human)",1,2
2238444,"RSYVTTSTRTYSLGSALRPSTS + PHOS(S12)","Vimentin (UniProt:P08670)","Homo sapiens (human)",1,1
2238476,"TRSSAVRLRSSVPGVRLLQDSVDFSLAD + PHOS(S10, S21)","Vimentin (UniProt:P08670)","Homo sapiens (human)",1,1
2238633,ADYEARIFTFGTWIYSV,"E3 ubiquitin-protein ligase XIAP (UniProt:P98170)","Homo sapiens (human)",1,3
2239398,DQVQCFCCGGKLKNW,"E3 ubiquitin-protein ligase XIAP (UniProt:P98170)","Homo sapiens (human)",1,3
2239554,EAVDKCPMCYTVITFKQK,"E3 ubiquitin-protein ligase XIAP (UniProt:P98170)","Homo sapiens (human)",1,1
2239654,EFVEEFNRLKTFANF,"E3 ubiquitin-protein ligase XIAP (UniProt:P98170)","Homo sapiens (human)",1,1
2239812,EQLARAGFYALGEGDKVK,"E3 ubiquitin-protein ligase XIAP (UniProt:P98170)","Homo sapiens (human)",1,1
2239988,FNRLKTFANFPSGSPVSA,"E3 ubiquitin-protein ligase XIAP (UniProt:P98170)","Homo sapiens (human)",1,1
2240028,FTFGTWIYSVNKEQLARA,"E3 ubiquitin-protein ligase XIAP (UniProt:P98170)","Homo sapiens (human)",1,1
2241532,NGQYKVENYLGSRDHFAL,"E3 ubiquitin-protein ligase XIAP (UniProt:P98170)","Homo sapiens (human)",1,1
2241869,RHFPNCFFVLGRNLNIR,"E3 ubiquitin-protein ligase XIAP (UniProt:P98170)","Homo sapiens (human)",1,3
2241874,RHRKVSPNCRFINGFYL,"E3 ubiquitin-protein ligase XIAP (UniProt:P98170)","Homo sapiens (human)",1,1
2243106,YLENSATQSTNSGIQNGQY,"E3 ubiquitin-protein ligase XIAP (UniProt:P98170)","Homo sapiens (human)",1,1
2243191,DSELMAFMTRKLWDL,"UBX domain-containing protein 11 (UniProt:Q5T124)","Homo sapiens (human)",1,1
2243203,EKFLNRLPKFVIRQG,"UBX domain-containing protein 11 (UniProt:Q5T124)","Homo sapiens (human)",1,5
2243208,ESVIQHLGYLFLKMS,"Mesothelin (UniProt:Q13421)","Homo sapiens (human)",1,5
2243231,GPVLTVLALLLASTL,"Mesothelin (UniProt:Q13421)","Homo sapiens (human)",1,1
2243267,KWNVTSLETLKALLE,"Mesothelin (UniProt:Q13421)","Homo sapiens (human)",1,1
2243298,NVSMDLATFMKLRTD,"Mesothelin (UniProt:Q13421)","Homo sapiens (human)",1,1
2243303,PPTLYQDDTLTLQAA,"UBX domain-containing protein 11 (UniProt:Q5T124)","Homo sapiens (human)",1,1
2243353,TRFFSRITKANVDLL,"Mesothelin (UniProt:Q13421)","Homo sapiens (human)",1,1
2243412,AEWRRRGYAPLLYPQSHCDVPADRDRY,,,1,1
2243416,AKDIVYIGLRDVDPGEHYI,"Arginase-1 (UniProt:P05089)","Homo sapiens (human)",1,2
2243417,ALYYDRREPGTDQLMSLKNDNSQHLSC,,,1,2
2243420,ATPVQTSQPDSSNVVKVSPRESSSASL,,,1,1
2243422,CGPCLRIAPAFSSVSNKYPQAVFLEVD,,,1,1
2243426,DGAAWVLLYSQTALLRAELAERLQPLT,,,1,2
2243427,DPRRQPSKVSSYAMLFAQALPRDAHST,,,1,2
2243428,DQIFSLAWSPDGQHLATVCKDGRVRVY,,,1,1
2243431,EDLALNATVLMWPSKINPIFDENDELI,,,1,1
2243432,EECGKAFNSSSHLAAHKRIHTGEKPYK,,,1,1
2243435,EIEGTTHQVYVLKKPYVDEFLRRMGEL,,,1,2
2243438,FNCSLQQVRNPSSLQEQPHGNITFNME,,,1,2
2243440,FRSQTFNVVHLYQQQQELPGRQMPAFR,,,1,1
2243453,HLSLPRFAPVVTTTVKAEVSPHGAPAL,,,1,1
2243471,LKSSQLGREIDDHNAVLRFNGAPTANF,,,1,1
2243472,LLLLETLGDKEPTSRALALKVLREILR,,,1,1
2243478,MAESEDSSLRIVLVGKTGSG,,,1,1
2243479,MGDASDPREMRKTFIVPA,,,1,1
2243480,MRKHTAITTFNLLGLTEDPQLQVL,,,1,1
2243483,NEARSALLRTVVSMLKKSPPHLIKEII,,,1,2
2243493,PPDAPGPDEAPKGTHHKKYGSNVHRIK,,,1,1
2243496,QFKILNVPMSSQLDANHWNQQQAEQEE,,,1,1
2243497,QHVVNHLPPYTNVGLKMILTNPEGRKE,,,1,1
2243500,QPEKDIIVEFIKNQDFKYVRMLGALYM,,,1,2
2243501,RLLSGDSTEKRTASPVNKVIKSASATA,,,1,1
2243518,VPEGDGHWQGRVRMLLECGVRPGHGDF,,,1,1
2243548,DPKKLLTQHFVQENY,"Melanoma-associated antigen 3 (UniProt:P43357)","Homo sapiens (human)",1,1
2243583,LLGDNQIMPKAGLLI,"Melanoma-associated antigen 3 (UniProt:P43357)","Homo sapiens (human)",1,1
2243590,"LWKLLPENNVLSPLPSQAMD + PHOS(S12)","Cellular tumor antigen p53 (UniProt:P04637)","Homo sapiens (human)",1,1
2243592,"LWKLLPENNVLSPLPSQAMD + PHOS(S16)","Cellular tumor antigen p53 (UniProt:P04637)","Homo sapiens (human)",1,1
2243598,NQIMPKAGLLIIVLA,"Melanoma-associated antigen 3 (UniProt:P43357)","Homo sapiens (human)",1,1
2246182,KTGLLIIVLAIIAIEGDCAPEEKIWEELSM,"Melanoma-associated antigen 2 (UniProt:P43356)","Homo sapiens (human)",1,1
2248590,TLIDRFVKGRGQLDK,"Mesothelin (UniProt:Q13421)","Homo sapiens (human)",1,1
2254064,DLVKKLLVVDPKGRFTTEEALRHPW,,,1,1
2254095,DYVPSDQDLLRCHVLTSGIFETKFQ,,,1,3
2254131,EPANSRLPPHLIVLDSTIPGFFDDI,,,1,2
2254279,GFSWVTPCISAKDIVYIGLR,"Arginase-1 (UniProt:P05089)","Homo sapiens (human)",1,5
2254508,IVYIGLRDV,"Arginase-1 (UniProt:P05089)","Homo sapiens (human)",1,3
2255007,RNAMQIVGFMDHDAESVLAVVAAVL,,,1,1
2255008,RNAMQIVGFMDHEAESVLAVVAAVL,"Unconventional myosin-Ib (UniProt:O43795)","Homo sapiens (human)",1,1
2255063,SEKDHFYSDDDAVEADSEGDAEPCD,,,1,1
2255327,VRPGQRVYVVAEHDGDRRLLPAAVH,,,1,3
2257121,AYRLLKLGIKHQSVAFTKLNNASSRS,"Kinesin-like protein KIF20B (UniProt:Q96Q89)","Homo sapiens (human)",1,2
2257170,NRRKLQLLMRMISRMSQNVDMP,"DEP domain-containing protein 1A (UniProt:Q5TB30)","Homo sapiens (human)",1,2
2257203,WVSFFEIYNEYIYDLFVPVSSKFQKRK,"Kinesin-like protein KIF20B (UniProt:Q96Q89)","Homo sapiens (human)",1,3
2257455,LLASSDPPALASTNAEVTETGFHHV,,,1,1
2257456,LLASSDPPALASTNAEVTGTMSQDT,,,1,1
2257457,LLASSDPPALASTNAEVTVETGFHH,,,1,1
2257704,GDLKSFLRETRPRPSQPSSLAMLDLLHVARDIACGC,"ALK tyrosine kinase receptor (UniProt:Q9UM73)","Homo sapiens (human)",1,1
2257771,AALLAGRALQGLRRLELASN,"Trophoblast glycoprotein (UniProt:Q13641)","Homo sapiens (human)",1,1
2257772,AALNLSGSRLDEVRAGAFEH,"Trophoblast glycoprotein (UniProt:Q13641)","Homo sapiens (human)",1,1
2257773,AARTVKCVNRNLTEVPTDLP,"Trophoblast glycoprotein (UniProt:Q13641)","Homo sapiens (human)",1,1
2257774,ACRDHMEGYHYRYEINADPR,"Trophoblast glycoprotein (UniProt:Q13641)","Homo sapiens (human)",1,1
2257775,AFSGSNASVSAPSPLVELIL,"Trophoblast glycoprotein (UniProt:Q13641)","Homo sapiens (human)",1,1
2257779,AKTFLSYARTSIRAS,"Telomerase reverse transcriptase (UniProt:O14746)","Homo sapiens (human)",1,1
2257783,APSFRQVSCLKELVA,"Telomerase reverse transcriptase (UniProt:O14746)","Homo sapiens (human)",1,1
2257785,AQLPSLRHLDLSNNSLVSLT,"Trophoblast glycoprotein (UniProt:Q13641)","Homo sapiens (human)",1,1
2257788,AVSAQPPLPDQCPALCECSE,"Trophoblast glycoprotein (UniProt:Q13641)","Homo sapiens (human)",1,1
2257791,AYVRNLFLTGNQLAVLPAGA,"Trophoblast glycoprotein (UniProt:Q13641)","Homo sapiens (human)",1,1
2257792,CALFVLVAPSCAYQV,"Telomerase reverse transcriptase (UniProt:O14746)","Homo sapiens (human)",1,1
2257793,DEVRAGAFEHLPSLRQLDLS,"Trophoblast glycoprotein (UniProt:Q13641)","Homo sapiens (human)",1,1
2257794,DLDCDPILPPSLQTSYVFLG,"Trophoblast glycoprotein (UniProt:Q13641)","Homo sapiens (human)",1,1
2257809,ESLHLEDNALKVLHNGTLAE,"Trophoblast glycoprotein (UniProt:Q13641)","Homo sapiens (human)",1,1
2257810,ETEVVQGKDRLTCAYPEKMR,"Trophoblast glycoprotein (UniProt:Q13641)","Homo sapiens (human)",1,1
2257816,FSSSAPFLASAVSAQPPLPD,"Trophoblast glycoprotein (UniProt:Q13641)","Homo sapiens (human)",1,1
2257823,GLRRLELASNHFLYLPRDVL,"Trophoblast glycoprotein (UniProt:Q13641)","Homo sapiens (human)",1,1
2257828,HFLYLPRDVLAQLPSLRHLD,"Trophoblast glycoprotein (UniProt:Q13641)","Homo sapiens (human)",1,1
2257830,HMADMVTWLKETEVVQGKDR,"Trophoblast glycoprotein (UniProt:Q13641)","Homo sapiens (human)",1,1
2257841,IKKWMHNIRDACRDHMEGYH,"Trophoblast glycoprotein (UniProt:Q13641)","Homo sapiens (human)",1,1
2257852,IVLALIGAIFLLVLYLNRKG,"Trophoblast glycoprotein (UniProt:Q13641)","Homo sapiens (human)",1,1
2257856,KILLLQAYRFHACVLQLPF,"Telomerase reverse transcriptase (UniProt:O14746)","Homo sapiens (human)",1,1
2257866,KVLHNGTLAELQGLPHIRVF,"Trophoblast glycoprotein (UniProt:Q13641)","Homo sapiens (human)",1,1
2257872,LALVLLGWVSSSSPTSSASS,"Trophoblast glycoprotein (UniProt:Q13641)","Homo sapiens (human)",1,1
2257878,LDNNPWVCDCHMADMVTWLK,"Trophoblast glycoprotein (UniProt:Q13641)","Homo sapiens (human)",1,1
2257901,LPSLRQLDLSHNPLADLSPF,"Trophoblast glycoprotein (UniProt:Q13641)","Homo sapiens (human)",1,1
2257903,LQGLPHIRVFLDNNPWVCDC,"Trophoblast glycoprotein (UniProt:Q13641)","Homo sapiens (human)",1,1
2257906,LRSFFYVTETTFQKNRL,"Telomerase reverse transcriptase (UniProt:O14746)","Homo sapiens (human)",1,1
2257907,LSNNSLVSLTYVSFRNLTHL,"Trophoblast glycoprotein (UniProt:Q13641)","Homo sapiens (human)",1,1
2257908,LTCAYPEKMRNRVLLELNSA,"Trophoblast glycoprotein (UniProt:Q13641)","Homo sapiens (human)",1,1
2257917,MPGGCSRGPAAGDGRLRLAR,"Trophoblast glycoprotein (UniProt:Q13641)","Homo sapiens (human)",1,1
2257926,NHIVPPEDERQNRSFEGMVV,"Trophoblast glycoprotein (UniProt:Q13641)","Homo sapiens (human)",1,1
2257927,NLTEVPTDLPAYVRNLFLTG,"Trophoblast glycoprotein (UniProt:Q13641)","Homo sapiens (human)",1,1
2257929,NQLAVLPAGAFARRPPLAEL,"Trophoblast glycoprotein (UniProt:Q13641)","Homo sapiens (human)",1,1
2257931,NRVLLELNSADLDCDPILPP,"Trophoblast glycoprotein (UniProt:Q13641)","Homo sapiens (human)",1,1
2257935,PDGLRPIVNMDYVVG,"Telomerase reverse transcriptase (UniProt:O14746)","Homo sapiens (human)",1,1
2257942,PLFLELLGNHAQCPY,"Telomerase reverse transcriptase (UniProt:O14746)","Homo sapiens (human)",1,1
2257943,PPELYFVKVDVTGAYDT,"Telomerase reverse transcriptase (UniProt:O14746)","Homo sapiens (human)",1,1
2257951,PWQVYGFVRACLRRLVPPG,"Telomerase reverse transcriptase (UniProt:O14746)","Homo sapiens (human)",1,1
2257953,QCPALCECSEAARTVKCVNR,"Trophoblast glycoprotein (UniProt:Q13641)","Homo sapiens (human)",1,1
2257957,QNRSFEGMVVAALLAGRALQ,"Trophoblast glycoprotein (UniProt:Q13641)","Homo sapiens (human)",1,1
2257989,SLQTSYVFLGIVLALIGAIF,"Trophoblast glycoprotein (UniProt:Q13641)","Homo sapiens (human)",1,1
2257996,SSSPTSSASSFSSSAPFLAS,"Trophoblast glycoprotein (UniProt:Q13641)","Homo sapiens (human)",1,1
2258028,VNSLQTVCTNIYKIL,"Telomerase reverse transcriptase (UniProt:O14746)","Homo sapiens (human)",1,1
2258051,YRYEINADPRLTNLSSNSDV,"Trophoblast glycoprotein (UniProt:Q13641)","Homo sapiens (human)",1,1
2258052,YVSFRNLTHLESLHLEDNAL,"Trophoblast glycoprotein (UniProt:Q13641)","Homo sapiens (human)",1,1
2258870,AFTVHFSGQFTGTAGACRYGPFGPPPPSQASSGQARMFPNAPYLPSCL,"Wilms tumor protein (UniProt:P19544)","Homo sapiens (human)",1,1
2258889,RLRSQTVSTRYLHVEGGNFHASSQQ,"Recombining binding protein suppressor of hairless (UniProt:Q06330)","Homo sapiens (human)",1,4
2258890,RYLLVEGGNFHASSQ,,,1,9
2265541,AMPFATPMEAELA,"Cancer/testis antigen 1 (UniProt:P78358)","Homo sapiens (human)",1,1
2265553,EFYLAMPFATPME,"Cancer/testis antigen 1 (UniProt:P78358)","Homo sapiens (human)",1,1
2265555,ELDAETVKSILAEYKIHNADV,"Developmentally-regulated GTP-binding protein 1 (UniProt:Q9Y295)","Homo sapiens (human)",1,5
2265566,GKTVNELQNLSSAEVVVPRDQ,"Insulin-like growth factor 2 mRNA-binding protein 3 (UniProt:O00425)","Homo sapiens (human)",1,5
2265577,KPSETLSLTCTVSGG,"Immunoglobulin heavy variable 4-39 (UniProt:P01824)","Homo sapiens (human)",1,6
2265595,PESRLLEFYLAMP,"Cancer/testis antigen 1 (UniProt:P78358)","Homo sapiens (human)",1,1
2265599,PGLVKPSETLSLTCT,"Immunoglobulin heavy variable 4-39 (UniProt:P01824)","Homo sapiens (human)",1,4
2265608,QSVLTQPPSASGTPG,"Immunoglobulin lambda variable 1-44 (UniProt:P01699)","Homo sapiens (human)",1,4
2265624,SRLLEFYLAMPFA,"Cancer/testis antigen 1 (UniProt:P78358)","Homo sapiens (human)",1,1
2265653,YLAMPFATPMEAE,"Cancer/testis antigen 1 (UniProt:P78358)","Homo sapiens (human)",1,1
2265654,YLAWYQQKPG,"Immunoglobulin kappa variable 3-20 (UniProt:P01619)","Homo sapiens (human)",1,10
2265757,DTAPRILFWAQNFSVAYK,"V-type proton ATPase subunit S1 (UniProt:Q15904)","Homo sapiens (human)",1,1
2265771,GGLGRQLLQKQPVSPVIH,"V-type proton ATPase subunit S1 (UniProt:Q15904)","Homo sapiens (human)",1,1
2265808,LTPLTFGVQELNLTGSFW,"V-type proton ATPase subunit S1 (UniProt:Q15904)","Homo sapiens (human)",1,2
2265812,MLFIFTYGLHMILSLKTM,"V-type proton ATPase subunit S1 (UniProt:Q15904)","Homo sapiens (human)",1,1
2265830,QELNLTGSFWNDSFARLS,"V-type proton ATPase subunit S1 (UniProt:Q15904)","Homo sapiens (human)",1,1
2265849,SIYSFHCEYVSSLSKKGS,"V-type proton ATPase subunit S1 (UniProt:Q15904)","Homo sapiens (human)",1,1
2265909,GNVHSPLKLLTSMAISVVCFF,"Glypican-3 (UniProt:P51654)","Homo sapiens (human)",1,2
2265928,LTPQAFEFVGEFFTDVSLYILGSDI,"Glypican-3 (UniProt:P51654)","Homo sapiens (human)",1,5
2265938,RLRIVRGTQLFEDNYAL,"Receptor tyrosine-protein kinase erbB-2 (UniProt:P04626)","Homo sapiens (human)",1,1
2265943,SRRRELIQKLKSFISFYSALPGYICSH,"Glypican-3 (UniProt:P51654)","Homo sapiens (human)",1,2
2265950,VVEIDKYWREYILSLEELVNGMYRI,"Glypican-3 (UniProt:P51654)","Homo sapiens (human)",1,2
2265970,AKVLLGLKERSTSEP,"Aspartyl/asparaginyl beta-hydroxylase (UniProt:Q12797)","Homo sapiens (human)",1,1
2265972,ASSFRLIFIVDVWHPEL,"Aspartyl/asparaginyl beta-hydroxylase (UniProt:Q12797)","Homo sapiens (human)",1,1
2265974,ASVWQRSLYNVNGLKAQPWW,"Aspartyl/asparaginyl beta-hydroxylase (UniProt:Q12797)","Homo sapiens (human)",1,1
2265998,HEVWQDASSFRLIF,"Aspartyl/asparaginyl beta-hydroxylase (UniProt:Q12797)","Homo sapiens (human)",1,1
2266000,KEQIQSLLHEMVHAEHVEG,"Aspartyl/asparaginyl beta-hydroxylase (UniProt:Q12797)","Homo sapiens (human)",1,1
2266003,KSLERNWKLIRDEGLAVMDK,"Aspartyl/asparaginyl beta-hydroxylase (UniProt:Q12797)","Homo sapiens (human)",1,1
2266009,LQRLVQLFPNDTSLKN,"Aspartyl/asparaginyl beta-hydroxylase (UniProt:Q12797)","Homo sapiens (human)",1,1
2266016,PADLLKLSLKRRSDRQQF,"Aspartyl/asparaginyl beta-hydroxylase (UniProt:Q12797)","Homo sapiens (human)",1,1
2266019,QKAKVKKKKPKLLNKF,"Aspartyl/asparaginyl beta-hydroxylase (UniProt:Q12797)","Homo sapiens (human)",1,1
2266021,RGSLLTLQRLVQLFPN,"Aspartyl/asparaginyl beta-hydroxylase (UniProt:Q12797)","Homo sapiens (human)",1,1
2266026,SDRQQFLGHMRGSLLTLQ,"Aspartyl/asparaginyl beta-hydroxylase (UniProt:Q12797)","Homo sapiens (human)",1,1
2266033,TGYTELVKSLERNWKLI,"Aspartyl/asparaginyl beta-hydroxylase (UniProt:Q12797)","Homo sapiens (human)",1,1
2266036,TSFFTWFMVIALLGVWTSVA,"Aspartyl/asparaginyl beta-hydroxylase (UniProt:Q12797)","Homo sapiens (human)",1,1
2266037,VDVWHPELTPQQRRSLPAI,"Aspartyl/asparaginyl beta-hydroxylase (UniProt:Q12797)","Homo sapiens (human)",1,1
2266039,VHYGFILKAQNKIAESIP,"Aspartyl/asparaginyl beta-hydroxylase (UniProt:Q12797)","Homo sapiens (human)",1,1
2266242,KTPIKWMALESIHFG,"Receptor tyrosine-protein kinase erbB-3 (UniProt:P21860)","Homo sapiens (human)",1,2
2266573,ATWKVICKSCISQTPGINLDLGSGVK,"X antigen family member 1 (UniProt:Q9HD64)","Homo sapiens (human)",1,2
2266593,KVICKSCISQTPGINLDLGSGVKVKIIPKEEH,"X antigen family member 1 (UniProt:Q9HD64)","Homo sapiens (human)",1,2
2266595,LGSRQKKIRIQLRSQCATWKVICKS,"X antigen family member 1 (UniProt:Q9HD64)","Homo sapiens (human)",1,5
2266601,MESPKKKNQQLKVGILHLGSRQKKIRIQLRSQ,"X antigen family member 1 (UniProt:Q9HD64)","Homo sapiens (human)",1,6
2266754,ANLMKQLQHQRLVRL,"Tyrosine-protein kinase Lck (UniProt:P06239)","Homo sapiens (human)",1,1
2266778,DTLSCKIADFGLARL,"Tyrosine-protein kinase Lck (UniProt:P06239)","Homo sapiens (human)",1,1
2266786,FDYLRSVLEDFFTAT,"Tyrosine-protein kinase Lck (UniProt:P06239)","Homo sapiens (human)",1,2
2266791,GEVVKHYKIRNLDNG,"Tyrosine-protein kinase Lck (UniProt:P06239)","Homo sapiens (human)",1,1
2266792,GFYISPRITFPGLHE,"Tyrosine-protein kinase Lck (UniProt:P06239)","Homo sapiens (human)",1,1
2266797,GTFTIKSDV,"Tyrosine-protein kinase Lck (UniProt:P06239)","Homo sapiens (human)",1,1
2266808,KGRLLIRNGSEVRDP,"Tyrosine-protein kinase Lck (UniProt:P06239)","Homo sapiens (human)",1,1
2266819,LIRNGSEVRDP,"Tyrosine-protein kinase Lck (UniProt:P06239)","Homo sapiens (human)",1,1
2266832,NLMKQLQHQ,"Tyrosine-protein kinase Lck (UniProt:P06239)","Homo sapiens (human)",1,1
2266846,RETLKLVERLGAAQF,"Tyrosine-protein kinase Lck (UniProt:P06239)","Homo sapiens (human)",1,1
2266855,SCKIADFG,"Tyrosine-protein kinase Lck (UniProt:P06239)","Homo sapiens (human)",1,1
2266860,SPRITFPGLHE,"Tyrosine-protein kinase Lck (UniProt:P06239)","Homo sapiens (human)",1,1
2266867,TLSCKIADF,"Tyrosine-protein kinase Lck (UniProt:P06239)","Homo sapiens (human)",1,1
2266873,VVKHYKIRNL,"Tyrosine-protein kinase Lck (UniProt:P06239)","Homo sapiens (human)",1,1
2266880,YGTFTIKSDVWSFGI,"Tyrosine-protein kinase Lck (UniProt:P06239)","Homo sapiens (human)",1,1
2266884,YLRSVLEDF,"Tyrosine-protein kinase Lck (UniProt:P06239)","Homo sapiens (human)",1,1
2268166,HCNKCGMVFTYYLCLARHQRMHTGE,,,1,1
2268392,PGVLLKEFTVSG,"Cancer/testis antigen 1 (UniProt:P78358)","Homo sapiens (human)",1,1
2268464,EAVELLKSNYFY,,,1,2
2268522,KLVVVGACGVGKS,,,1,2
2268523,KLVVVGADGVGKS,,,1,4
2268524,KLVVVGAGGVGKS,"KRAS proto-oncogene, GTPase (UniProt:G3V4K2)","Homo sapiens (human)",1,1
2268525,KLVVVGAVGVGKS,,,1,3
2268530,KVYEAVELLKSNYFY,,,1,1
2268531,KVYEAVELLKSNYFYREA,,,1,1
2268613,VYEAVELLKSNYFYREA,,,1,2
2268989,AQNILLSNAPLGPQFP,"Tyrosinase (UniProt:P14679)","Homo sapiens (human)",1,1
2269018,DLMQNIMNDMPIYMYS,"Ephrin type-A receptor 2 (UniProt:P29317)","Homo sapiens (human)",1,1
2269032,EAGIMGQFSHHNIIR,"Ephrin type-A receptor 2 (UniProt:P29317)","Homo sapiens (human)",1,1
2269069,FLLHHAFVDSIFEQWLQRHRP,"Tyrosinase (UniProt:P14679)","Homo sapiens (human)",2,5
2269274,PIYMYSVCNVMSG,"Ephrin type-A receptor 2 (UniProt:P29317)","Homo sapiens (human)",1,1
2269374,TSYVKVLHHMVKISG,"Melanoma-associated antigen 3 (UniProt:P43357)","Homo sapiens (human)",2,6
2269473,APRRPLPQVATLIDR,"Mesothelin (UniProt:Q13421)","Homo sapiens (human)",1,1
2269906,VNKGHEMSPQAPRRP,"Mesothelin (UniProt:Q13421)","Homo sapiens (human)",1,1
2270405,"RLGFLHSGTAKSVTC + ACET(K11)","Cellular tumor antigen p53 (UniProt:P04637)","Homo sapiens (human)",1,2
2270406,RLGFLHSGTAKSVTC,"Cellular tumor antigen p53 (UniProt:P04637)","Homo sapiens (human)",1,2
2270511,EFTVSGNILT,"Cancer/testis antigen 1 (UniProt:P78358)","Homo sapiens (human)",1,4
2270528,LKEFTVSGNILTI,"Cancer/testis antigen 1 (UniProt:P78358)","Homo sapiens (human)",1,5
2270733,AGSVYAGILSYRVGFFLF,,,1,1
2270739,EENERAIEMYRRRRLAEW,,,1,1
2270763,QEIIPFCGMSTYITR,,,1,1
2270773,SVVMLEIDHRLCLQS,,,1,1
2270776,TAALILYWRRQSIER,,,1,1
2270777,TAKVLCYYIDQLKQGKCF,,,1,1
2270779,TCTCSPALNKMFCQLAKTCPV,,,1,1
2270786,VLAKAASWTSRQVGELTL,,,1,1
2270791,VQCGCVGTFLLTQSGKV,,,1,1
2270836,ALEYFMKQMNDARHGGWTTKMDWI,,,1,1
2270844,AYSGQTAMKLASIDTMKRFLSDHL,,,1,1
2270854,EAKAAPKPAASGVCSVSAEETEKWM,,,1,1
2270860,ETIEITAAPKCKDMQNSLNNDKNLV,,,1,1
2270871,GLGNLKILKNEVSGKLRMLMRREQV,,,1,1
2270877,GSAIDTTCVHWAQSCGRRAVCRYYN,,,1,1
2270885,IKHNMNIGTWDEEGSVVKAPPTQPV,,,1,1
2270886,ILHCTLVYPLELCPAFFGYYFFNSM,,,1,1
2270894,KDCSITKFLNRIRGLEVHKQNALFQ,,,1,12
2270926,PAICALRHLTSRYQEAEMAQNAVRL,,,1,1
2270931,PVPALFDSLLTCSTRDSLFFCLKFC,,,1,1
2270963,SQRAAQLCGAGVVAVVEKIRENRGL,,,1,1
2270965,SSSLMNVQRRTAVKEPKTSASDSQN,,,1,1
2270981,VNEKLQGADSSQNFRPKFLALKGPS,,,1,1
2271106,AIGAPKPAYPYFEEDSGSLAQASSK,,,1,2
2271164,CHPSVLPIYSELKDQSQKKMQMVSN,,,1,3
2271334,HIGSRGKYSSGFCNIAVKENLIELM,,,1,3
2271338,HLTKLKEFSIVRNLLSHPPPDLPGT,,,1,3
2271354,IAQAQVSNTGLYWCMAANTAGDHKK,,,1,3
2271363,IGIASMTVPVYIAEVSLPNLRGRLV,,,1,3
2271364,IGSILEIYRIYQIESLSSKKRLTGE,,,1,3
2271394,ITGQGKKDWFLFRMFSRTLTEPCPL,,,1,3
2271454,KSVGNYYRLVTNAALNREEVFLYNI,,,1,3
2271455,KSVLTRVHSNKPAQLDNLTIWCMAL,,,1,3
2271479,LCQQLSDLVAFVRGKLSRMQRAVLS,,,1,3
2271519,LQQQRRVRHLVLALKDPHQSTLFRS,,,1,3
2271547,LYSDYILNKSEEKQFKAFRRGFHMV,,,1,3
2271569,NLLVLTVAIKETEGFRRFKRSAQFF,,,1,3
2271596,QNIKEFTAQNLGKLFMAEALQEYNN,,,1,2
2271624,REHIYDLRSLKNYHFVDEHGKDQGI,,,1,3
2271649,RPPVTLRLVILASQCGSLIGKAGTK,,,1,3
2271657,RRAQLPKYQRNLPRLGQAPIGNPPV,,,1,3
2271741,SSGSLKQFLKKIKKNHKTMNEKAWK,,,1,1
2271790,TTIAADFSILESQKKFVRRYRQHSE,,,1,4
2271791,TVFNGAQNSVSQLIQREFQTSAISR,,,1,3
2271801,VDSLVGKQVEYAKEDGLKRTGMVIH,,,1,3
2271805,VKEPNRDLVCSPLLVIQDSFASPDL,,,1,3
2271821,VPNLPEISFIRRVPLPPELVEQFGH,,,1,3
2271950,FKQRVMTCFRVWEDWAIYPEPFLIK,,,1,3
2272099,NLTDTDLIKQYIDECTARIEIGLHY,,,1,3
2272165,SSTGLTLPSMPSRNAVAETSVTNLL,,,1,1
2273335,KCCKIRYCNLEGPPINSSVF,"Lymphocyte antigen 6K (UniProt:Q17RY6)","Homo sapiens (human)",1,5
2273484,KWTEPYCVIAAVKIFPRFFMVAKQ,"Lymphocyte antigen 6K (UniProt:Q17RY6)","Homo sapiens (human)",1,4
2275214,LGLEGSCTVPPNVATGRLPGASLLLEPSSL,"ALK tyrosine kinase receptor (UniProt:Q9UM73)","Homo sapiens (human)",1,1
2275298,SLTANMKEVPLFRLRHFPCGNVNYGYQQQG,"ALK tyrosine kinase receptor (UniProt:Q9UM73)","Homo sapiens (human)",1,1
2275312,TGRLPGASLLLEPSSLTANMKEVPLFRLRH,"ALK tyrosine kinase receptor (UniProt:Q9UM73)","Homo sapiens (human)",1,1
2275316,TRPRPSQPSSLAMLDLLHVARDIACGCQYL,"ALK tyrosine kinase receptor (UniProt:Q9UM73)","Homo sapiens (human)",1,1
2276591,IVYGIRLEHFYMMPVNSEVMYPHL,"Kinetochore protein Nuf2 (UniProt:Q9BZD4)","Homo sapiens (human)",1,1
2278510,AATAAAHRAAGQPHVHHPTPYSERR,,,1,1
2278521,DLSRLDKGLAALARERGADLVVIEG,,,1,1
2279380,GSGCPLLENVISKTIN,"Mammaglobin-A (UniProt:Q13296)","Homo sapiens (human)",1,1
2279452,NPQVSKTEYKELLQE,"Mammaglobin-A (UniProt:Q13296)","Homo sapiens (human)",1,10
2279518,YKELLQEFIDDNATTN,"Mammaglobin-A (UniProt:Q13296)","Homo sapiens (human)",1,1
2280958,DPKKLLTQHFVQENYLEYRQ,"Melanoma-associated antigen 3 (UniProt:P43357)","Homo sapiens (human)",1,1
2280959,DTLLKALLEIASCLE,"Indoleamine 2,3-dioxygenase 1 (UniProt:P14902)","Homo sapiens (human)",1,2
2280960,DTLLKALLEIASCLEKALQVF,"Indoleamine 2,3-dioxygenase 1 (UniProt:P14902)","Homo sapiens (human)",1,14
2280963,EELSHLEVAKSLSALIG,"Retrotransposon-derived protein PEG10 (UniProt:Q86TG7)","Homo sapiens (human)",1,1
2280977,FLWGPRALVETSYVKVLHHM,"Melanoma-associated antigen 3 (UniProt:P43357)","Homo sapiens (human)",1,1
2280991,GNWQYFFPVIFSKASSSLQL,"Melanoma-associated antigen 3 (UniProt:P43357)","Homo sapiens (human)",1,6
2281028,LLEIASCLEKALQVF,"Indoleamine 2,3-dioxygenase 1 (UniProt:P14902)","Homo sapiens (human)",1,2
2281294,EILYILVPSVAIPLA,"Inactive tyrosine-protein kinase transmembrane receptor ROR1 (UniProt:Q01973)","Homo sapiens (human)",1,2
2281407,ELMEVDPIGHLYIFA,"Melanoma-associated antigen 3 (UniProt:P43357)","Homo sapiens (human)",1,1
2281423,IFATCLGLSYDGLLG,"Melanoma-associated antigen 3 (UniProt:P43357)","Homo sapiens (human)",1,1
2281429,LLKYRAREPVTKAEM,"Melanoma-associated antigen 3 (UniProt:P43357)","Homo sapiens (human)",1,1
2281431,LSRKVAELVHFLLLK,"Melanoma-associated antigen 3 (UniProt:P43357)","Homo sapiens (human)",1,1
2281465,VAELVHFLLLKYRAR,"Melanoma-associated antigen 3 (UniProt:P43357)","Homo sapiens (human)",1,1
2281467,VHFLLLKYRAREPVT,"Melanoma-associated antigen 3 (UniProt:P43357)","Homo sapiens (human)",1,1
2281473,YFFPVIFSKASSSLQ,"Melanoma-associated antigen 3 (UniProt:P43357)","Homo sapiens (human)",1,1
2353799,GRGVARISNALLQLT,,,1,1
2354953,KESIQRVLRAVDKANGY,,,1,2
2363658,NQPDFTAAIVYHLLKRS,,,1,1
2373223,YKLVVVGAVGVGKSALT,,,1,1
